Code Domaine,Domaine,Code zone (FAO),Zone,Code Élément,Élément,Code Produit,Produit,Code année,Année,Unité,Valeur,Symbole,Description du Symbole
FBSH,Bilans Alimentaire (Ancienne méthodologie et population),2,Afghanistan,674,Disponibilité de protéines en quantité (g/personne/jour),2901,Total General,2008,2008,g/personne/jour,56.96,Fc,Donnée calculée
FBSH,Bilans Alimentaire (Ancienne méthodologie et population),2,Afghanistan,674,Disponibilité de protéines en quantité (g/personne/jour),2941,Produits Animaux,2008,2008,g/personne/jour,11.8,Fc,Donnée calculée
FBSH,Bilans Alimentaire (Ancienne méthodologie et population),202,Afrique du Sud,674,Disponibilité de protéines en quantité (g/personne/jour),2901,Total General,2008,2008,g/personne/jour,81.18,Fc,Donnée calculée
FBSH,Bilans Alimentaire (Ancienne méthodologie et population),202,Afrique du Sud,674,Disponibilité de protéines en quantité (g/personne/jour),2941,Produits Animaux,2008,2008,g/personne/jour,33.22,Fc,Donnée calculée
FBSH,Bilans Alimentaire (Ancienne méthodologie et population),3,Albanie,674,Disponibilité de protéines en quantité (g/personne/jour),2901,Total General,2008,2008,g/personne/jour,101.95,Fc,Donnée calculée
FBSH,Bilans Alimentaire (Ancienne méthodologie et population),3,Albanie,674,Disponibilité de protéines en quantité (g/personne/jour),2941,Produits Animaux,2008,2008,g/personne/jour,53.29,Fc,Donnée calculée
FBSH,Bilans Alimentaire (Ancienne méthodologie et population),4,Algérie,674,Disponibilité de protéines en quantité (g/personne/jour),2901,Total General,2008,2008,g/personne/jour,83.45,Fc,Donnée calculée
FBSH,Bilans Alimentaire (Ancienne méthodologie et population),4,Algérie,674,Disponibilité de protéines en quantité (g/personne/jour),2941,Produits Animaux,2008,2008,g/personne/jour,21.32,Fc,Donnée calculée
FBSH,Bilans Alimentaire (Ancienne méthodologie et population),79,Allemagne,674,Disponibilité de protéines en quantité (g/personne/jour),2901,Total General,2008,2008,g/personne/jour,101.28,Fc,Donnée calculée
FBSH,Bilans Alimentaire (Ancienne méthodologie et population),79,Allemagne,674,Disponibilité de protéines en quantité (g/personne/jour),2941,Produits Animaux,2008,2008,g/personne/jour,61.38,Fc,Donnée calculée
FBSH,Bilans Alimentaire (Ancienne méthodologie et population),7,Angola,674,Disponibilité de protéines en quantité (g/personne/jour),2901,Total General,2008,2008,g/personne/jour,51.32,Fc,Donnée calculée
FBSH,Bilans Alimentaire (Ancienne méthodologie et population),7,Angola,674,Disponibilité de protéines en quantité (g/personne/jour),2941,Produits Animaux,2008,2008,g/personne/jour,16.02,Fc,Donnée calculée
FBSH,Bilans Alimentaire (Ancienne méthodologie et population),8,Antigua-et-Barbuda,674,Disponibilité de protéines en quantité (g/personne/jour),2901,Total General,2008,2008,g/personne/jour,85.29,Fc,Donnée calculée
FBSH,Bilans Alimentaire (Ancienne méthodologie et population),8,Antigua-et-Barbuda,674,Disponibilité de protéines en quantité (g/personne/jour),2941,Produits Animaux,2008,2008,g/personne/jour,60.05,Fc,Donnée calculée
FBSH,Bilans Alimentaire (Ancienne méthodologie et population),194,Arabie saoudite,674,Disponibilité de protéines en quantité (g/personne/jour),2901,Total General,2008,2008,g/personne/jour,82.61,Fc,Donnée calculée
FBSH,Bilans Alimentaire (Ancienne méthodologie et population),194,Arabie saoudite,674,Disponibilité de protéines en quantité (g/personne/jour),2941,Produits Animaux,2008,2008,g/personne/jour,31.99,Fc,Donnée calculée
FBSH,Bilans Alimentaire (Ancienne méthodologie et population),9,Argentine,674,Disponibilité de protéines en quantité (g/personne/jour),2901,Total General,2008,2008,g/personne/jour,99.35,Fc,Donnée calculée
FBSH,Bilans Alimentaire (Ancienne méthodologie et population),9,Argentine,674,Disponibilité de protéines en quantité (g/personne/jour),2941,Produits Animaux,2008,2008,g/personne/jour,63.88,Fc,Donnée calculée
FBSH,Bilans Alimentaire (Ancienne méthodologie et population),1,Arménie,674,Disponibilité de protéines en quantité (g/personne/jour),2901,Total General,2008,2008,g/personne/jour,87.6,Fc,Donnée calculée
FBSH,Bilans Alimentaire (Ancienne méthodologie et population),1,Arménie,674,Disponibilité de protéines en quantité (g/personne/jour),2941,Produits Animaux,2008,2008,g/personne/jour,38.72,Fc,Donnée calculée
FBSH,Bilans Alimentaire (Ancienne méthodologie et population),10,Australie,674,Disponibilité de protéines en quantité (g/personne/jour),2901,Total General,2008,2008,g/personne/jour,106.45,Fc,Donnée calculée
FBSH,Bilans Alimentaire (Ancienne méthodologie et population),10,Australie,674,Disponibilité de protéines en quantité (g/personne/jour),2941,Produits Animaux,2008,2008,g/personne/jour,69.23,Fc,Donnée calculée
FBSH,Bilans Alimentaire (Ancienne méthodologie et population),11,Autriche,674,Disponibilité de protéines en quantité (g/personne/jour),2901,Total General,2008,2008,g/personne/jour,101.78,Fc,Donnée calculée
FBSH,Bilans Alimentaire (Ancienne méthodologie et population),11,Autriche,674,Disponibilité de protéines en quantité (g/personne/jour),2941,Produits Animaux,2008,2008,g/personne/jour,59.3,Fc,Donnée calculée
FBSH,Bilans Alimentaire (Ancienne méthodologie et population),52,Azerbaïdjan,674,Disponibilité de protéines en quantité (g/personne/jour),2901,Total General,2008,2008,g/personne/jour,89.07,Fc,Donnée calculée
FBSH,Bilans Alimentaire (Ancienne méthodologie et population),52,Azerbaïdjan,674,Disponibilité de protéines en quantité (g/personne/jour),2941,Produits Animaux,2008,2008,g/personne/jour,22.77,Fc,Donnée calculée
FBSH,Bilans Alimentaire (Ancienne méthodologie et population),12,Bahamas,674,Disponibilité de protéines en quantité (g/personne/jour),2901,Total General,2008,2008,g/personne/jour,83.14,Fc,Donnée calculée
FBSH,Bilans Alimentaire (Ancienne méthodologie et population),12,Bahamas,674,Disponibilité de protéines en quantité (g/personne/jour),2941,Produits Animaux,2008,2008,g/personne/jour,55.69,Fc,Donnée calculée
FBSH,Bilans Alimentaire (Ancienne méthodologie et population),16,Bangladesh,674,Disponibilité de protéines en quantité (g/personne/jour),2901,Total General,2008,2008,g/personne/jour,52.16,Fc,Donnée calculée
FBSH,Bilans Alimentaire (Ancienne méthodologie et population),16,Bangladesh,674,Disponibilité de protéines en quantité (g/personne/jour),2941,Produits Animaux,2008,2008,g/personne/jour,8.52,Fc,Donnée calculée
FBSH,Bilans Alimentaire (Ancienne méthodologie et population),14,Barbade,674,Disponibilité de protéines en quantité (g/personne/jour),2901,Total General,2008,2008,g/personne/jour,86.79,Fc,Donnée calculée
FBSH,Bilans Alimentaire (Ancienne méthodologie et population),14,Barbade,674,Disponibilité de protéines en quantité (g/personne/jour),2941,Produits Animaux,2008,2008,g/personne/jour,50.1,Fc,Donnée calculée
FBSH,Bilans Alimentaire (Ancienne méthodologie et population),57,Bélarus,674,Disponibilité de protéines en quantité (g/personne/jour),2901,Total General,2008,2008,g/personne/jour,90.86,Fc,Donnée calculée
FBSH,Bilans Alimentaire (Ancienne méthodologie et population),57,Bélarus,674,Disponibilité de protéines en quantité (g/personne/jour),2941,Produits Animaux,2008,2008,g/personne/jour,50.62,Fc,Donnée calculée
FBSH,Bilans Alimentaire (Ancienne méthodologie et population),255,Belgique,674,Disponibilité de protéines en quantité (g/personne/jour),2901,Total General,2008,2008,g/personne/jour,98.38,Fc,Donnée calculée
FBSH,Bilans Alimentaire (Ancienne méthodologie et population),255,Belgique,674,Disponibilité de protéines en quantité (g/personne/jour),2941,Produits Animaux,2008,2008,g/personne/jour,58.99,Fc,Donnée calculée
FBSH,Bilans Alimentaire (Ancienne méthodologie et population),23,Belize,674,Disponibilité de protéines en quantité (g/personne/jour),2901,Total General,2008,2008,g/personne/jour,69.29,Fc,Donnée calculée
FBSH,Bilans Alimentaire (Ancienne méthodologie et population),23,Belize,674,Disponibilité de protéines en quantité (g/personne/jour),2941,Produits Animaux,2008,2008,g/personne/jour,27.18,Fc,Donnée calculée
FBSH,Bilans Alimentaire (Ancienne méthodologie et population),53,Bénin,674,Disponibilité de protéines en quantité (g/personne/jour),2901,Total General,2008,2008,g/personne/jour,62.77,Fc,Donnée calculée
FBSH,Bilans Alimentaire (Ancienne méthodologie et population),53,Bénin,674,Disponibilité de protéines en quantité (g/personne/jour),2941,Produits Animaux,2008,2008,g/personne/jour,11.72,Fc,Donnée calculée
FBSH,Bilans Alimentaire (Ancienne méthodologie et population),19,Bolivie (État plurinational de),674,Disponibilité de protéines en quantité (g/personne/jour),2901,Total General,2008,2008,g/personne/jour,63.4,Fc,Donnée calculée
FBSH,Bilans Alimentaire (Ancienne méthodologie et population),19,Bolivie (État plurinational de),674,Disponibilité de protéines en quantité (g/personne/jour),2941,Produits Animaux,2008,2008,g/personne/jour,30.77,Fc,Donnée calculée
FBSH,Bilans Alimentaire (Ancienne méthodologie et population),80,Bosnie-Herzégovine,674,Disponibilité de protéines en quantité (g/personne/jour),2901,Total General,2008,2008,g/personne/jour,90.86,Fc,Donnée calculée
FBSH,Bilans Alimentaire (Ancienne méthodologie et population),80,Bosnie-Herzégovine,674,Disponibilité de protéines en quantité (g/personne/jour),2941,Produits Animaux,2008,2008,g/personne/jour,30.43,Fc,Donnée calculée
FBSH,Bilans Alimentaire (Ancienne méthodologie et population),20,Botswana,674,Disponibilité de protéines en quantité (g/personne/jour),2901,Total General,2008,2008,g/personne/jour,59.88,Fc,Donnée calculée
FBSH,Bilans Alimentaire (Ancienne méthodologie et population),20,Botswana,674,Disponibilité de protéines en quantité (g/personne/jour),2941,Produits Animaux,2008,2008,g/personne/jour,23.56,Fc,Donnée calculée
FBSH,Bilans Alimentaire (Ancienne méthodologie et population),21,Brésil,674,Disponibilité de protéines en quantité (g/personne/jour),2901,Total General,2008,2008,g/personne/jour,88.58,Fc,Donnée calculée
FBSH,Bilans Alimentaire (Ancienne méthodologie et population),21,Brésil,674,Disponibilité de protéines en quantité (g/personne/jour),2941,Produits Animaux,2008,2008,g/personne/jour,45.9,Fc,Donnée calculée
FBSH,Bilans Alimentaire (Ancienne méthodologie et population),27,Bulgarie,674,Disponibilité de protéines en quantité (g/personne/jour),2901,Total General,2008,2008,g/personne/jour,80.01,Fc,Donnée calculée
FBSH,Bilans Alimentaire (Ancienne méthodologie et population),27,Bulgarie,674,Disponibilité de protéines en quantité (g/personne/jour),2941,Produits Animaux,2008,2008,g/personne/jour,38.69,Fc,Donnée calculée
FBSH,Bilans Alimentaire (Ancienne méthodologie et population),233,Burkina Faso,674,Disponibilité de protéines en quantité (g/personne/jour),2901,Total General,2008,2008,g/personne/jour,78.32,Fc,Donnée calculée
FBSH,Bilans Alimentaire (Ancienne méthodologie et population),233,Burkina Faso,674,Disponibilité de protéines en quantité (g/personne/jour),2941,Produits Animaux,2008,2008,g/personne/jour,11.2,Fc,Donnée calculée
FBSH,Bilans Alimentaire (Ancienne méthodologie et population),35,Cabo Verde,674,Disponibilité de protéines en quantité (g/personne/jour),2901,Total General,2008,2008,g/personne/jour,70.75,Fc,Donnée calculée
FBSH,Bilans Alimentaire (Ancienne méthodologie et population),35,Cabo Verde,674,Disponibilité de protéines en quantité (g/personne/jour),2941,Produits Animaux,2008,2008,g/personne/jour,27.01,Fc,Donnée calculée
FBSH,Bilans Alimentaire (Ancienne méthodologie et population),115,Cambodge,674,Disponibilité de protéines en quantité (g/personne/jour),2901,Total General,2008,2008,g/personne/jour,60.95,Fc,Donnée calculée
FBSH,Bilans Alimentaire (Ancienne méthodologie et population),115,Cambodge,674,Disponibilité de protéines en quantité (g/personne/jour),2941,Produits Animaux,2008,2008,g/personne/jour,17.52,Fc,Donnée calculée
FBSH,Bilans Alimentaire (Ancienne méthodologie et population),32,Cameroun,674,Disponibilité de protéines en quantité (g/personne/jour),2901,Total General,2008,2008,g/personne/jour,65.53,Fc,Donnée calculée
FBSH,Bilans Alimentaire (Ancienne méthodologie et population),32,Cameroun,674,Disponibilité de protéines en quantité (g/personne/jour),2941,Produits Animaux,2008,2008,g/personne/jour,12.93,Fc,Donnée calculée
FBSH,Bilans Alimentaire (Ancienne méthodologie et population),33,Canada,674,Disponibilité de protéines en quantité (g/personne/jour),2901,Total General,2008,2008,g/personne/jour,104.7,Fc,Donnée calculée
FBSH,Bilans Alimentaire (Ancienne méthodologie et population),33,Canada,674,Disponibilité de protéines en quantité (g/personne/jour),2941,Produits Animaux,2008,2008,g/personne/jour,57.72,Fc,Donnée calculée
FBSH,Bilans Alimentaire (Ancienne méthodologie et population),40,Chili,674,Disponibilité de protéines en quantité (g/personne/jour),2901,Total General,2008,2008,g/personne/jour,85.52,Fc,Donnée calculée
FBSH,Bilans Alimentaire (Ancienne méthodologie et population),40,Chili,674,Disponibilité de protéines en quantité (g/personne/jour),2941,Produits Animaux,2008,2008,g/personne/jour,44.33,Fc,Donnée calculée
FBSH,Bilans Alimentaire (Ancienne méthodologie et population),96,Chine - RAS de Hong-Kong,674,Disponibilité de protéines en quantité (g/personne/jour),2901,Total General,2008,2008,g/personne/jour,117.96,Fc,Donnée calculée
FBSH,Bilans Alimentaire (Ancienne méthodologie et population),96,Chine - RAS de Hong-Kong,674,Disponibilité de protéines en quantité (g/personne/jour),2941,Produits Animaux,2008,2008,g/personne/jour,82.89,Fc,Donnée calculée
FBSH,Bilans Alimentaire (Ancienne méthodologie et population),128,Chine - RAS de Macao,674,Disponibilité de protéines en quantité (g/personne/jour),2901,Total General,2008,2008,g/personne/jour,92.02,Fc,Donnée calculée
FBSH,Bilans Alimentaire (Ancienne méthodologie et population),128,Chine - RAS de Macao,674,Disponibilité de protéines en quantité (g/personne/jour),2941,Produits Animaux,2008,2008,g/personne/jour,61.63,Fc,Donnée calculée
FBSH,Bilans Alimentaire (Ancienne méthodologie et population),41,"Chine, continentale",674,Disponibilité de protéines en quantité (g/personne/jour),2901,Total General,2008,2008,g/personne/jour,91.88,Fc,Donnée calculée
FBSH,Bilans Alimentaire (Ancienne méthodologie et population),41,"Chine, continentale",674,Disponibilité de protéines en quantité (g/personne/jour),2941,Produits Animaux,2008,2008,g/personne/jour,35.06,Fc,Donnée calculée
FBSH,Bilans Alimentaire (Ancienne méthodologie et population),214,"Chine, Taiwan Province de",674,Disponibilité de protéines en quantité (g/personne/jour),2901,Total General,2008,2008,g/personne/jour,89.9,Fc,Donnée calculée
FBSH,Bilans Alimentaire (Ancienne méthodologie et population),214,"Chine, Taiwan Province de",674,Disponibilité de protéines en quantité (g/personne/jour),2941,Produits Animaux,2008,2008,g/personne/jour,46.41,Fc,Donnée calculée
FBSH,Bilans Alimentaire (Ancienne méthodologie et population),50,Chypre,674,Disponibilité de protéines en quantité (g/personne/jour),2901,Total General,2008,2008,g/personne/jour,81.82,Fc,Donnée calculée
FBSH,Bilans Alimentaire (Ancienne méthodologie et population),50,Chypre,674,Disponibilité de protéines en quantité (g/personne/jour),2941,Produits Animaux,2008,2008,g/personne/jour,49.29,Fc,Donnée calculée
FBSH,Bilans Alimentaire (Ancienne méthodologie et population),44,Colombie,674,Disponibilité de protéines en quantité (g/personne/jour),2901,Total General,2008,2008,g/personne/jour,64.81,Fc,Donnée calculée
FBSH,Bilans Alimentaire (Ancienne méthodologie et population),44,Colombie,674,Disponibilité de protéines en quantité (g/personne/jour),2941,Produits Animaux,2008,2008,g/personne/jour,33.65,Fc,Donnée calculée
FBSH,Bilans Alimentaire (Ancienne méthodologie et population),46,Congo,674,Disponibilité de protéines en quantité (g/personne/jour),2901,Total General,2008,2008,g/personne/jour,44.17,Fc,Donnée calculée
FBSH,Bilans Alimentaire (Ancienne méthodologie et population),46,Congo,674,Disponibilité de protéines en quantité (g/personne/jour),2941,Produits Animaux,2008,2008,g/personne/jour,17.56,Fc,Donnée calculée
FBSH,Bilans Alimentaire (Ancienne méthodologie et population),48,Costa Rica,674,Disponibilité de protéines en quantité (g/personne/jour),2901,Total General,2008,2008,g/personne/jour,75.33,Fc,Donnée calculée
FBSH,Bilans Alimentaire (Ancienne méthodologie et population),48,Costa Rica,674,Disponibilité de protéines en quantité (g/personne/jour),2941,Produits Animaux,2008,2008,g/personne/jour,39.66,Fc,Donnée calculée
FBSH,Bilans Alimentaire (Ancienne méthodologie et population),107,Côte d'Ivoire,674,Disponibilité de protéines en quantité (g/personne/jour),2901,Total General,2008,2008,g/personne/jour,56.28,Fc,Donnée calculée
FBSH,Bilans Alimentaire (Ancienne méthodologie et population),107,Côte d'Ivoire,674,Disponibilité de protéines en quantité (g/personne/jour),2941,Produits Animaux,2008,2008,g/personne/jour,13.91,Fc,Donnée calculée
FBSH,Bilans Alimentaire (Ancienne méthodologie et population),98,Croatie,674,Disponibilité de protéines en quantité (g/personne/jour),2901,Total General,2008,2008,g/personne/jour,82.62,Fc,Donnée calculée
FBSH,Bilans Alimentaire (Ancienne méthodologie et population),98,Croatie,674,Disponibilité de protéines en quantité (g/personne/jour),2941,Produits Animaux,2008,2008,g/personne/jour,46.66,Fc,Donnée calculée
FBSH,Bilans Alimentaire (Ancienne méthodologie et population),49,Cuba,674,Disponibilité de protéines en quantité (g/personne/jour),2901,Total General,2008,2008,g/personne/jour,89.93,Fc,Donnée calculée
FBSH,Bilans Alimentaire (Ancienne méthodologie et population),49,Cuba,674,Disponibilité de protéines en quantité (g/personne/jour),2941,Produits Animaux,2008,2008,g/personne/jour,30.82,Fc,Donnée calculée
FBSH,Bilans Alimentaire (Ancienne méthodologie et population),54,Danemark,674,Disponibilité de protéines en quantité (g/personne/jour),2901,Total General,2008,2008,g/personne/jour,109.26,Fc,Donnée calculée
FBSH,Bilans Alimentaire (Ancienne méthodologie et population),54,Danemark,674,Disponibilité de protéines en quantité (g/personne/jour),2941,Produits Animaux,2008,2008,g/personne/jour,69.47,Fc,Donnée calculée
FBSH,Bilans Alimentaire (Ancienne méthodologie et population),72,Djibouti,674,Disponibilité de protéines en quantité (g/personne/jour),2901,Total General,2008,2008,g/personne/jour,61.97,Fc,Donnée calculée
FBSH,Bilans Alimentaire (Ancienne méthodologie et population),72,Djibouti,674,Disponibilité de protéines en quantité (g/personne/jour),2941,Produits Animaux,2008,2008,g/personne/jour,19.35,Fc,Donnée calculée
FBSH,Bilans Alimentaire (Ancienne méthodologie et population),55,Dominique,674,Disponibilité de protéines en quantité (g/personne/jour),2901,Total General,2008,2008,g/personne/jour,91.56,Fc,Donnée calculée
FBSH,Bilans Alimentaire (Ancienne méthodologie et population),55,Dominique,674,Disponibilité de protéines en quantité (g/personne/jour),2941,Produits Animaux,2008,2008,g/personne/jour,53.05,Fc,Donnée calculée
FBSH,Bilans Alimentaire (Ancienne méthodologie et population),59,Égypte,674,Disponibilité de protéines en quantité (g/personne/jour),2901,Total General,2008,2008,g/personne/jour,100.12,Fc,Donnée calculée
FBSH,Bilans Alimentaire (Ancienne méthodologie et population),59,Égypte,674,Disponibilité de protéines en quantité (g/personne/jour),2941,Produits Animaux,2008,2008,g/personne/jour,22.76,Fc,Donnée calculée
FBSH,Bilans Alimentaire (Ancienne méthodologie et population),60,El Salvador,674,Disponibilité de protéines en quantité (g/personne/jour),2901,Total General,2008,2008,g/personne/jour,71.71,Fc,Donnée calculée
FBSH,Bilans Alimentaire (Ancienne méthodologie et population),60,El Salvador,674,Disponibilité de protéines en quantité (g/personne/jour),2941,Produits Animaux,2008,2008,g/personne/jour,24.55,Fc,Donnée calculée
FBSH,Bilans Alimentaire (Ancienne méthodologie et population),225,Émirats arabes unis,674,Disponibilité de protéines en quantité (g/personne/jour),2901,Total General,2008,2008,g/personne/jour,106.29,Fc,Donnée calculée
FBSH,Bilans Alimentaire (Ancienne méthodologie et population),225,Émirats arabes unis,674,Disponibilité de protéines en quantité (g/personne/jour),2941,Produits Animaux,2008,2008,g/personne/jour,51.72,Fc,Donnée calculée
FBSH,Bilans Alimentaire (Ancienne méthodologie et population),58,Équateur,674,Disponibilité de protéines en quantité (g/personne/jour),2901,Total General,2008,2008,g/personne/jour,60.04,Fc,Donnée calculée
FBSH,Bilans Alimentaire (Ancienne méthodologie et population),58,Équateur,674,Disponibilité de protéines en quantité (g/personne/jour),2941,Produits Animaux,2008,2008,g/personne/jour,35.76,Fc,Donnée calculée
FBSH,Bilans Alimentaire (Ancienne méthodologie et population),203,Espagne,674,Disponibilité de protéines en quantité (g/personne/jour),2901,Total General,2008,2008,g/personne/jour,108.08,Fc,Donnée calculée
FBSH,Bilans Alimentaire (Ancienne méthodologie et population),203,Espagne,674,Disponibilité de protéines en quantité (g/personne/jour),2941,Produits Animaux,2008,2008,g/personne/jour,68.09,Fc,Donnée calculée
FBSH,Bilans Alimentaire (Ancienne méthodologie et population),63,Estonie,674,Disponibilité de protéines en quantité (g/personne/jour),2901,Total General,2008,2008,g/personne/jour,100.68,Fc,Donnée calculée
FBSH,Bilans Alimentaire (Ancienne méthodologie et population),63,Estonie,674,Disponibilité de protéines en quantité (g/personne/jour),2941,Produits Animaux,2008,2008,g/personne/jour,55.04,Fc,Donnée calculée
FBSH,Bilans Alimentaire (Ancienne méthodologie et population),209,Eswatini,674,Disponibilité de protéines en quantité (g/personne/jour),2901,Total General,2008,2008,g/personne/jour,56.28,Fc,Donnée calculée
FBSH,Bilans Alimentaire (Ancienne méthodologie et population),209,Eswatini,674,Disponibilité de protéines en quantité (g/personne/jour),2941,Produits Animaux,2008,2008,g/personne/jour,15.39,Fc,Donnée calculée
FBSH,Bilans Alimentaire (Ancienne méthodologie et population),231,États-Unis d'Amérique,674,Disponibilité de protéines en quantité (g/personne/jour),2901,Total General,2008,2008,g/personne/jour,112.89,Fc,Donnée calculée
FBSH,Bilans Alimentaire (Ancienne méthodologie et population),231,États-Unis d'Amérique,674,Disponibilité de protéines en quantité (g/personne/jour),2941,Produits Animaux,2008,2008,g/personne/jour,72.58,Fc,Donnée calculée
FBSH,Bilans Alimentaire (Ancienne méthodologie et population),238,Éthiopie,674,Disponibilité de protéines en quantité (g/personne/jour),2901,Total General,2008,2008,g/personne/jour,58.88,Fc,Donnée calculée
FBSH,Bilans Alimentaire (Ancienne méthodologie et population),238,Éthiopie,674,Disponibilité de protéines en quantité (g/personne/jour),2941,Produits Animaux,2008,2008,g/personne/jour,8.1,Fc,Donnée calculée
FBSH,Bilans Alimentaire (Ancienne méthodologie et population),185,Fédération de Russie,674,Disponibilité de protéines en quantité (g/personne/jour),2901,Total General,2008,2008,g/personne/jour,99.56,Fc,Donnée calculée
FBSH,Bilans Alimentaire (Ancienne méthodologie et population),185,Fédération de Russie,674,Disponibilité de protéines en quantité (g/personne/jour),2941,Produits Animaux,2008,2008,g/personne/jour,52.63,Fc,Donnée calculée
FBSH,Bilans Alimentaire (Ancienne méthodologie et population),66,Fidji,674,Disponibilité de protéines en quantité (g/personne/jour),2901,Total General,2008,2008,g/personne/jour,75.44,Fc,Donnée calculée
FBSH,Bilans Alimentaire (Ancienne méthodologie et population),66,Fidji,674,Disponibilité de protéines en quantité (g/personne/jour),2941,Produits Animaux,2008,2008,g/personne/jour,32.11,Fc,Donnée calculée
FBSH,Bilans Alimentaire (Ancienne méthodologie et population),67,Finlande,674,Disponibilité de protéines en quantité (g/personne/jour),2901,Total General,2008,2008,g/personne/jour,111.77,Fc,Donnée calculée
FBSH,Bilans Alimentaire (Ancienne méthodologie et population),67,Finlande,674,Disponibilité de protéines en quantité (g/personne/jour),2941,Produits Animaux,2008,2008,g/personne/jour,68.72,Fc,Donnée calculée
FBSH,Bilans Alimentaire (Ancienne méthodologie et population),68,France,674,Disponibilité de protéines en quantité (g/personne/jour),2901,Total General,2008,2008,g/personne/jour,112.58,Fc,Donnée calculée
FBSH,Bilans Alimentaire (Ancienne méthodologie et population),68,France,674,Disponibilité de protéines en quantité (g/personne/jour),2941,Produits Animaux,2008,2008,g/personne/jour,71.28,Fc,Donnée calculée
FBSH,Bilans Alimentaire (Ancienne méthodologie et population),74,Gabon,674,Disponibilité de protéines en quantité (g/personne/jour),2901,Total General,2008,2008,g/personne/jour,78.19,Fc,Donnée calculée
FBSH,Bilans Alimentaire (Ancienne méthodologie et population),74,Gabon,674,Disponibilité de protéines en quantité (g/personne/jour),2941,Produits Animaux,2008,2008,g/personne/jour,37.3,Fc,Donnée calculée
FBSH,Bilans Alimentaire (Ancienne méthodologie et population),75,Gambie,674,Disponibilité de protéines en quantité (g/personne/jour),2901,Total General,2008,2008,g/personne/jour,62.9,Fc,Donnée calculée
FBSH,Bilans Alimentaire (Ancienne méthodologie et population),75,Gambie,674,Disponibilité de protéines en quantité (g/personne/jour),2941,Produits Animaux,2008,2008,g/personne/jour,15.7,Fc,Donnée calculée
FBSH,Bilans Alimentaire (Ancienne méthodologie et population),73,Géorgie,674,Disponibilité de protéines en quantité (g/personne/jour),2901,Total General,2008,2008,g/personne/jour,79.78,Fc,Donnée calculée
FBSH,Bilans Alimentaire (Ancienne méthodologie et population),73,Géorgie,674,Disponibilité de protéines en quantité (g/personne/jour),2941,Produits Animaux,2008,2008,g/personne/jour,28.58,Fc,Donnée calculée
FBSH,Bilans Alimentaire (Ancienne méthodologie et population),81,Ghana,674,Disponibilité de protéines en quantité (g/personne/jour),2901,Total General,2008,2008,g/personne/jour,63.53,Fc,Donnée calculée
FBSH,Bilans Alimentaire (Ancienne méthodologie et population),81,Ghana,674,Disponibilité de protéines en quantité (g/personne/jour),2941,Produits Animaux,2008,2008,g/personne/jour,16.21,Fc,Donnée calculée
FBSH,Bilans Alimentaire (Ancienne méthodologie et population),84,Grèce,674,Disponibilité de protéines en quantité (g/personne/jour),2901,Total General,2008,2008,g/personne/jour,111.93,Fc,Donnée calculée
FBSH,Bilans Alimentaire (Ancienne méthodologie et population),84,Grèce,674,Disponibilité de protéines en quantité (g/personne/jour),2941,Produits Animaux,2008,2008,g/personne/jour,62.42,Fc,Donnée calculée
FBSH,Bilans Alimentaire (Ancienne méthodologie et population),86,Grenade,674,Disponibilité de protéines en quantité (g/personne/jour),2901,Total General,2008,2008,g/personne/jour,73.93,Fc,Donnée calculée
FBSH,Bilans Alimentaire (Ancienne méthodologie et population),86,Grenade,674,Disponibilité de protéines en quantité (g/personne/jour),2941,Produits Animaux,2008,2008,g/personne/jour,46.75,Fc,Donnée calculée
FBSH,Bilans Alimentaire (Ancienne méthodologie et population),89,Guatemala,674,Disponibilité de protéines en quantité (g/personne/jour),2901,Total General,2008,2008,g/personne/jour,60.22,Fc,Donnée calculée
FBSH,Bilans Alimentaire (Ancienne méthodologie et population),89,Guatemala,674,Disponibilité de protéines en quantité (g/personne/jour),2941,Produits Animaux,2008,2008,g/personne/jour,18.04,Fc,Donnée calculée
FBSH,Bilans Alimentaire (Ancienne méthodologie et population),90,Guinée,674,Disponibilité de protéines en quantité (g/personne/jour),2901,Total General,2008,2008,g/personne/jour,53.55,Fc,Donnée calculée
FBSH,Bilans Alimentaire (Ancienne méthodologie et population),90,Guinée,674,Disponibilité de protéines en quantité (g/personne/jour),2941,Produits Animaux,2008,2008,g/personne/jour,7.75,Fc,Donnée calculée
FBSH,Bilans Alimentaire (Ancienne méthodologie et population),175,Guinée-Bissau,674,Disponibilité de protéines en quantité (g/personne/jour),2901,Total General,2008,2008,g/personne/jour,44.28,Fc,Donnée calculée
FBSH,Bilans Alimentaire (Ancienne méthodologie et population),175,Guinée-Bissau,674,Disponibilité de protéines en quantité (g/personne/jour),2941,Produits Animaux,2008,2008,g/personne/jour,8.75,Fc,Donnée calculée
FBSH,Bilans Alimentaire (Ancienne méthodologie et population),91,Guyana,674,Disponibilité de protéines en quantité (g/personne/jour),2901,Total General,2008,2008,g/personne/jour,74.12,Fc,Donnée calculée
FBSH,Bilans Alimentaire (Ancienne méthodologie et population),91,Guyana,674,Disponibilité de protéines en quantité (g/personne/jour),2941,Produits Animaux,2008,2008,g/personne/jour,30.75,Fc,Donnée calculée
FBSH,Bilans Alimentaire (Ancienne méthodologie et population),93,Haïti,674,Disponibilité de protéines en quantité (g/personne/jour),2901,Total General,2008,2008,g/personne/jour,45.39,Fc,Donnée calculée
FBSH,Bilans Alimentaire (Ancienne méthodologie et population),93,Haïti,674,Disponibilité de protéines en quantité (g/personne/jour),2941,Produits Animaux,2008,2008,g/personne/jour,8.73,Fc,Donnée calculée
FBSH,Bilans Alimentaire (Ancienne méthodologie et population),95,Honduras,674,Disponibilité de protéines en quantité (g/personne/jour),2901,Total General,2008,2008,g/personne/jour,68.04,Fc,Donnée calculée
FBSH,Bilans Alimentaire (Ancienne méthodologie et population),95,Honduras,674,Disponibilité de protéines en quantité (g/personne/jour),2941,Produits Animaux,2008,2008,g/personne/jour,27.44,Fc,Donnée calculée
FBSH,Bilans Alimentaire (Ancienne méthodologie et population),97,Hongrie,674,Disponibilité de protéines en quantité (g/personne/jour),2901,Total General,2008,2008,g/personne/jour,86.46,Fc,Donnée calculée
FBSH,Bilans Alimentaire (Ancienne méthodologie et population),97,Hongrie,674,Disponibilité de protéines en quantité (g/personne/jour),2941,Produits Animaux,2008,2008,g/personne/jour,48.02,Fc,Donnée calculée
FBSH,Bilans Alimentaire (Ancienne méthodologie et population),25,Îles Salomon,674,Disponibilité de protéines en quantité (g/personne/jour),2901,Total General,2008,2008,g/personne/jour,54.34,Fc,Donnée calculée
FBSH,Bilans Alimentaire (Ancienne méthodologie et population),25,Îles Salomon,674,Disponibilité de protéines en quantité (g/personne/jour),2941,Produits Animaux,2008,2008,g/personne/jour,16.7,Fc,Donnée calculée
FBSH,Bilans Alimentaire (Ancienne méthodologie et population),100,Inde,674,Disponibilité de protéines en quantité (g/personne/jour),2901,Total General,2008,2008,g/personne/jour,58.35,Fc,Donnée calculée
FBSH,Bilans Alimentaire (Ancienne méthodologie et population),100,Inde,674,Disponibilité de protéines en quantité (g/personne/jour),2941,Produits Animaux,2008,2008,g/personne/jour,11.53,Fc,Donnée calculée
FBSH,Bilans Alimentaire (Ancienne méthodologie et population),101,Indonésie,674,Disponibilité de protéines en quantité (g/personne/jour),2901,Total General,2008,2008,g/personne/jour,56.6,Fc,Donnée calculée
FBSH,Bilans Alimentaire (Ancienne méthodologie et population),101,Indonésie,674,Disponibilité de protéines en quantité (g/personne/jour),2941,Produits Animaux,2008,2008,g/personne/jour,15.38,Fc,Donnée calculée
FBSH,Bilans Alimentaire (Ancienne méthodologie et population),102,Iran (République islamique d'),674,Disponibilité de protéines en quantité (g/personne/jour),2901,Total General,2008,2008,g/personne/jour,81.72,Fc,Donnée calculée
FBSH,Bilans Alimentaire (Ancienne méthodologie et population),102,Iran (République islamique d'),674,Disponibilité de protéines en quantité (g/personne/jour),2941,Produits Animaux,2008,2008,g/personne/jour,21.86,Fc,Donnée calculée
FBSH,Bilans Alimentaire (Ancienne méthodologie et population),103,Iraq,674,Disponibilité de protéines en quantité (g/personne/jour),2901,Total General,2008,2008,g/personne/jour,57.55,Fc,Donnée calculée
FBSH,Bilans Alimentaire (Ancienne méthodologie et population),103,Iraq,674,Disponibilité de protéines en quantité (g/personne/jour),2941,Produits Animaux,2008,2008,g/personne/jour,10.1,Fc,Donnée calculée
FBSH,Bilans Alimentaire (Ancienne méthodologie et population),104,Irlande,674,Disponibilité de protéines en quantité (g/personne/jour),2901,Total General,2008,2008,g/personne/jour,112.3,Fc,Donnée calculée
FBSH,Bilans Alimentaire (Ancienne méthodologie et population),104,Irlande,674,Disponibilité de protéines en quantité (g/personne/jour),2941,Produits Animaux,2008,2008,g/personne/jour,69.65,Fc,Donnée calculée
FBSH,Bilans Alimentaire (Ancienne méthodologie et population),99,Islande,674,Disponibilité de protéines en quantité (g/personne/jour),2901,Total General,2008,2008,g/personne/jour,134.23,Fc,Donnée calculée
FBSH,Bilans Alimentaire (Ancienne méthodologie et population),99,Islande,674,Disponibilité de protéines en quantité (g/personne/jour),2941,Produits Animaux,2008,2008,g/personne/jour,98.21,Fc,Donnée calculée
FBSH,Bilans Alimentaire (Ancienne méthodologie et population),105,Israël,674,Disponibilité de protéines en quantité (g/personne/jour),2901,Total General,2008,2008,g/personne/jour,128.22,Fc,Donnée calculée
FBSH,Bilans Alimentaire (Ancienne méthodologie et population),105,Israël,674,Disponibilité de protéines en quantité (g/personne/jour),2941,Produits Animaux,2008,2008,g/personne/jour,73.06,Fc,Donnée calculée
FBSH,Bilans Alimentaire (Ancienne méthodologie et population),106,Italie,674,Disponibilité de protéines en quantité (g/personne/jour),2901,Total General,2008,2008,g/personne/jour,110.59,Fc,Donnée calculée
FBSH,Bilans Alimentaire (Ancienne méthodologie et population),106,Italie,674,Disponibilité de protéines en quantité (g/personne/jour),2941,Produits Animaux,2008,2008,g/personne/jour,60.08,Fc,Donnée calculée
FBSH,Bilans Alimentaire (Ancienne méthodologie et population),109,Jamaïque,674,Disponibilité de protéines en quantité (g/personne/jour),2901,Total General,2008,2008,g/personne/jour,76.38,Fc,Donnée calculée
FBSH,Bilans Alimentaire (Ancienne méthodologie et population),109,Jamaïque,674,Disponibilité de protéines en quantité (g/personne/jour),2941,Produits Animaux,2008,2008,g/personne/jour,39.5,Fc,Donnée calculée
FBSH,Bilans Alimentaire (Ancienne méthodologie et population),110,Japon,674,Disponibilité de protéines en quantité (g/personne/jour),2901,Total General,2008,2008,g/personne/jour,89.13,Fc,Donnée calculée
FBSH,Bilans Alimentaire (Ancienne méthodologie et population),110,Japon,674,Disponibilité de protéines en quantité (g/personne/jour),2941,Produits Animaux,2008,2008,g/personne/jour,49.9,Fc,Donnée calculée
FBSH,Bilans Alimentaire (Ancienne méthodologie et population),112,Jordanie,674,Disponibilité de protéines en quantité (g/personne/jour),2901,Total General,2008,2008,g/personne/jour,83.15,Fc,Donnée calculée
FBSH,Bilans Alimentaire (Ancienne méthodologie et population),112,Jordanie,674,Disponibilité de protéines en quantité (g/personne/jour),2941,Produits Animaux,2008,2008,g/personne/jour,30.44,Fc,Donnée calculée
FBSH,Bilans Alimentaire (Ancienne méthodologie et population),108,Kazakhstan,674,Disponibilité de protéines en quantité (g/personne/jour),2901,Total General,2008,2008,g/personne/jour,94.68,Fc,Donnée calculée
FBSH,Bilans Alimentaire (Ancienne méthodologie et population),108,Kazakhstan,674,Disponibilité de protéines en quantité (g/personne/jour),2941,Produits Animaux,2008,2008,g/personne/jour,53.43,Fc,Donnée calculée
FBSH,Bilans Alimentaire (Ancienne méthodologie et population),114,Kenya,674,Disponibilité de protéines en quantité (g/personne/jour),2901,Total General,2008,2008,g/personne/jour,57.87,Fc,Donnée calculée
FBSH,Bilans Alimentaire (Ancienne méthodologie et population),114,Kenya,674,Disponibilité de protéines en quantité (g/personne/jour),2941,Produits Animaux,2008,2008,g/personne/jour,16.49,Fc,Donnée calculée
FBSH,Bilans Alimentaire (Ancienne méthodologie et population),113,Kirghizistan,674,Disponibilité de protéines en quantité (g/personne/jour),2901,Total General,2008,2008,g/personne/jour,81.75,Fc,Donnée calculée
FBSH,Bilans Alimentaire (Ancienne méthodologie et population),113,Kirghizistan,674,Disponibilité de protéines en quantité (g/personne/jour),2941,Produits Animaux,2008,2008,g/personne/jour,33.22,Fc,Donnée calculée
FBSH,Bilans Alimentaire (Ancienne méthodologie et population),83,Kiribati,674,Disponibilité de protéines en quantité (g/personne/jour),2901,Total General,2008,2008,g/personne/jour,69.12,Fc,Donnée calculée
FBSH,Bilans Alimentaire (Ancienne méthodologie et population),83,Kiribati,674,Disponibilité de protéines en quantité (g/personne/jour),2941,Produits Animaux,2008,2008,g/personne/jour,33.74,Fc,Donnée calculée
FBSH,Bilans Alimentaire (Ancienne méthodologie et population),118,Koweït,674,Disponibilité de protéines en quantité (g/personne/jour),2901,Total General,2008,2008,g/personne/jour,110.27,Fc,Donnée calculée
FBSH,Bilans Alimentaire (Ancienne méthodologie et population),118,Koweït,674,Disponibilité de protéines en quantité (g/personne/jour),2941,Produits Animaux,2008,2008,g/personne/jour,58.89,Fc,Donnée calculée
FBSH,Bilans Alimentaire (Ancienne méthodologie et population),122,Lesotho,674,Disponibilité de protéines en quantité (g/personne/jour),2901,Total General,2008,2008,g/personne/jour,72.12,Fc,Donnée calculée
FBSH,Bilans Alimentaire (Ancienne méthodologie et population),122,Lesotho,674,Disponibilité de protéines en quantité (g/personne/jour),2941,Produits Animaux,2008,2008,g/personne/jour,10.49,Fc,Donnée calculée
FBSH,Bilans Alimentaire (Ancienne méthodologie et population),119,Lettonie,674,Disponibilité de protéines en quantité (g/personne/jour),2901,Total General,2008,2008,g/personne/jour,96.02,Fc,Donnée calculée
FBSH,Bilans Alimentaire (Ancienne méthodologie et population),119,Lettonie,674,Disponibilité de protéines en quantité (g/personne/jour),2941,Produits Animaux,2008,2008,g/personne/jour,58.88,Fc,Donnée calculée
FBSH,Bilans Alimentaire (Ancienne méthodologie et population),121,Liban,674,Disponibilité de protéines en quantité (g/personne/jour),2901,Total General,2008,2008,g/personne/jour,83.5,Fc,Donnée calculée
FBSH,Bilans Alimentaire (Ancienne méthodologie et population),121,Liban,674,Disponibilité de protéines en quantité (g/personne/jour),2941,Produits Animaux,2008,2008,g/personne/jour,34.38,Fc,Donnée calculée
FBSH,Bilans Alimentaire (Ancienne méthodologie et population),123,Libéria,674,Disponibilité de protéines en quantité (g/personne/jour),2901,Total General,2008,2008,g/personne/jour,37.08,Fc,Donnée calculée
FBSH,Bilans Alimentaire (Ancienne méthodologie et population),123,Libéria,674,Disponibilité de protéines en quantité (g/personne/jour),2941,Produits Animaux,2008,2008,g/personne/jour,6.01,Fc,Donnée calculée
FBSH,Bilans Alimentaire (Ancienne méthodologie et population),126,Lituanie,674,Disponibilité de protéines en quantité (g/personne/jour),2901,Total General,2008,2008,g/personne/jour,127.1,Fc,Donnée calculée
FBSH,Bilans Alimentaire (Ancienne méthodologie et population),126,Lituanie,674,Disponibilité de protéines en quantité (g/personne/jour),2941,Produits Animaux,2008,2008,g/personne/jour,79.58,Fc,Donnée calculée
FBSH,Bilans Alimentaire (Ancienne méthodologie et population),256,Luxembourg,674,Disponibilité de protéines en quantité (g/personne/jour),2901,Total General,2008,2008,g/personne/jour,108.17,Fc,Donnée calculée
FBSH,Bilans Alimentaire (Ancienne méthodologie et population),256,Luxembourg,674,Disponibilité de protéines en quantité (g/personne/jour),2941,Produits Animaux,2008,2008,g/personne/jour,70.88,Fc,Donnée calculée
FBSH,Bilans Alimentaire (Ancienne méthodologie et population),154,Macédoine du Nord,674,Disponibilité de protéines en quantité (g/personne/jour),2901,Total General,2008,2008,g/personne/jour,76.27,Fc,Donnée calculée
FBSH,Bilans Alimentaire (Ancienne méthodologie et population),154,Macédoine du Nord,674,Disponibilité de protéines en quantité (g/personne/jour),2941,Produits Animaux,2008,2008,g/personne/jour,32.29,Fc,Donnée calculée
FBSH,Bilans Alimentaire (Ancienne méthodologie et population),129,Madagascar,674,Disponibilité de protéines en quantité (g/personne/jour),2901,Total General,2008,2008,g/personne/jour,47.48,Fc,Donnée calculée
FBSH,Bilans Alimentaire (Ancienne méthodologie et population),129,Madagascar,674,Disponibilité de protéines en quantité (g/personne/jour),2941,Produits Animaux,2008,2008,g/personne/jour,10.86,Fc,Donnée calculée
FBSH,Bilans Alimentaire (Ancienne méthodologie et population),131,Malaisie,674,Disponibilité de protéines en quantité (g/personne/jour),2901,Total General,2008,2008,g/personne/jour,75.78,Fc,Donnée calculée
FBSH,Bilans Alimentaire (Ancienne méthodologie et population),131,Malaisie,674,Disponibilité de protéines en quantité (g/personne/jour),2941,Produits Animaux,2008,2008,g/personne/jour,40.57,Fc,Donnée calculée
FBSH,Bilans Alimentaire (Ancienne méthodologie et population),130,Malawi,674,Disponibilité de protéines en quantité (g/personne/jour),2901,Total General,2008,2008,g/personne/jour,61.41,Fc,Donnée calculée
FBSH,Bilans Alimentaire (Ancienne méthodologie et population),130,Malawi,674,Disponibilité de protéines en quantité (g/personne/jour),2941,Produits Animaux,2008,2008,g/personne/jour,5.49,Fc,Donnée calculée
FBSH,Bilans Alimentaire (Ancienne méthodologie et population),132,Maldives,674,Disponibilité de protéines en quantité (g/personne/jour),2901,Total General,2008,2008,g/personne/jour,94.07,Fc,Donnée calculée
FBSH,Bilans Alimentaire (Ancienne méthodologie et population),132,Maldives,674,Disponibilité de protéines en quantité (g/personne/jour),2941,Produits Animaux,2008,2008,g/personne/jour,60.92,Fc,Donnée calculée
FBSH,Bilans Alimentaire (Ancienne méthodologie et population),133,Mali,674,Disponibilité de protéines en quantité (g/personne/jour),2901,Total General,2008,2008,g/personne/jour,77.71,Fc,Donnée calculée
FBSH,Bilans Alimentaire (Ancienne méthodologie et population),133,Mali,674,Disponibilité de protéines en quantité (g/personne/jour),2941,Produits Animaux,2008,2008,g/personne/jour,23.62,Fc,Donnée calculée
FBSH,Bilans Alimentaire (Ancienne méthodologie et population),134,Malte,674,Disponibilité de protéines en quantité (g/personne/jour),2901,Total General,2008,2008,g/personne/jour,112.39,Fc,Donnée calculée
FBSH,Bilans Alimentaire (Ancienne méthodologie et population),134,Malte,674,Disponibilité de protéines en quantité (g/personne/jour),2941,Produits Animaux,2008,2008,g/personne/jour,62.47,Fc,Donnée calculée
FBSH,Bilans Alimentaire (Ancienne méthodologie et population),143,Maroc,674,Disponibilité de protéines en quantité (g/personne/jour),2901,Total General,2008,2008,g/personne/jour,90.41,Fc,Donnée calculée
FBSH,Bilans Alimentaire (Ancienne méthodologie et population),143,Maroc,674,Disponibilité de protéines en quantité (g/personne/jour),2941,Produits Animaux,2008,2008,g/personne/jour,20.32,Fc,Donnée calculée
FBSH,Bilans Alimentaire (Ancienne méthodologie et population),137,Maurice,674,Disponibilité de protéines en quantité (g/personne/jour),2901,Total General,2008,2008,g/personne/jour,84.54,Fc,Donnée calculée
FBSH,Bilans Alimentaire (Ancienne méthodologie et population),137,Maurice,674,Disponibilité de protéines en quantité (g/personne/jour),2941,Produits Animaux,2008,2008,g/personne/jour,37.92,Fc,Donnée calculée
FBSH,Bilans Alimentaire (Ancienne méthodologie et population),136,Mauritanie,674,Disponibilité de protéines en quantité (g/personne/jour),2901,Total General,2008,2008,g/personne/jour,79.13,Fc,Donnée calculée
FBSH,Bilans Alimentaire (Ancienne méthodologie et population),136,Mauritanie,674,Disponibilité de protéines en quantité (g/personne/jour),2941,Produits Animaux,2008,2008,g/personne/jour,29.79,Fc,Donnée calculée
FBSH,Bilans Alimentaire (Ancienne méthodologie et population),138,Mexique,674,Disponibilité de protéines en quantité (g/personne/jour),2901,Total General,2008,2008,g/personne/jour,88.19,Fc,Donnée calculée
FBSH,Bilans Alimentaire (Ancienne méthodologie et population),138,Mexique,674,Disponibilité de protéines en quantité (g/personne/jour),2941,Produits Animaux,2008,2008,g/personne/jour,41,Fc,Donnée calculée
FBSH,Bilans Alimentaire (Ancienne méthodologie et population),141,Mongolie,674,Disponibilité de protéines en quantité (g/personne/jour),2901,Total General,2008,2008,g/personne/jour,79.26,Fc,Donnée calculée
FBSH,Bilans Alimentaire (Ancienne méthodologie et population),141,Mongolie,674,Disponibilité de protéines en quantité (g/personne/jour),2941,Produits Animaux,2008,2008,g/personne/jour,48.29,Fc,Donnée calculée
FBSH,Bilans Alimentaire (Ancienne méthodologie et population),273,Monténégro,674,Disponibilité de protéines en quantité (g/personne/jour),2901,Total General,2008,2008,g/personne/jour,110.36,Fc,Donnée calculée
FBSH,Bilans Alimentaire (Ancienne méthodologie et population),273,Monténégro,674,Disponibilité de protéines en quantité (g/personne/jour),2941,Produits Animaux,2008,2008,g/personne/jour,58.26,Fc,Donnée calculée
FBSH,Bilans Alimentaire (Ancienne méthodologie et population),144,Mozambique,674,Disponibilité de protéines en quantité (g/personne/jour),2901,Total General,2008,2008,g/personne/jour,43.8,Fc,Donnée calculée
FBSH,Bilans Alimentaire (Ancienne méthodologie et population),144,Mozambique,674,Disponibilité de protéines en quantité (g/personne/jour),2941,Produits Animaux,2008,2008,g/personne/jour,5.4,Fc,Donnée calculée
FBSH,Bilans Alimentaire (Ancienne méthodologie et population),28,Myanmar,674,Disponibilité de protéines en quantité (g/personne/jour),2901,Total General,2008,2008,g/personne/jour,72.11,Fc,Donnée calculée
FBSH,Bilans Alimentaire (Ancienne méthodologie et population),28,Myanmar,674,Disponibilité de protéines en quantité (g/personne/jour),2941,Produits Animaux,2008,2008,g/personne/jour,26.08,Fc,Donnée calculée
FBSH,Bilans Alimentaire (Ancienne méthodologie et population),147,Namibie,674,Disponibilité de protéines en quantité (g/personne/jour),2901,Total General,2008,2008,g/personne/jour,64.11,Fc,Donnée calculée
FBSH,Bilans Alimentaire (Ancienne méthodologie et population),147,Namibie,674,Disponibilité de protéines en quantité (g/personne/jour),2941,Produits Animaux,2008,2008,g/personne/jour,26.47,Fc,Donnée calculée
FBSH,Bilans Alimentaire (Ancienne méthodologie et population),149,Népal,674,Disponibilité de protéines en quantité (g/personne/jour),2901,Total General,2008,2008,g/personne/jour,62.95,Fc,Donnée calculée
FBSH,Bilans Alimentaire (Ancienne méthodologie et population),149,Népal,674,Disponibilité de protéines en quantité (g/personne/jour),2941,Produits Animaux,2008,2008,g/personne/jour,10.16,Fc,Donnée calculée
FBSH,Bilans Alimentaire (Ancienne méthodologie et population),157,Nicaragua,674,Disponibilité de protéines en quantité (g/personne/jour),2901,Total General,2008,2008,g/personne/jour,63.49,Fc,Donnée calculée
FBSH,Bilans Alimentaire (Ancienne méthodologie et population),157,Nicaragua,674,Disponibilité de protéines en quantité (g/personne/jour),2941,Produits Animaux,2008,2008,g/personne/jour,18.49,Fc,Donnée calculée
FBSH,Bilans Alimentaire (Ancienne méthodologie et population),158,Niger,674,Disponibilité de protéines en quantité (g/personne/jour),2901,Total General,2008,2008,g/personne/jour,79.96,Fc,Donnée calculée
FBSH,Bilans Alimentaire (Ancienne méthodologie et population),158,Niger,674,Disponibilité de protéines en quantité (g/personne/jour),2941,Produits Animaux,2008,2008,g/personne/jour,17.93,Fc,Donnée calculée
FBSH,Bilans Alimentaire (Ancienne méthodologie et population),159,Nigéria,674,Disponibilité de protéines en quantité (g/personne/jour),2901,Total General,2008,2008,g/personne/jour,63.65,Fc,Donnée calculée
FBSH,Bilans Alimentaire (Ancienne méthodologie et population),159,Nigéria,674,Disponibilité de protéines en quantité (g/personne/jour),2941,Produits Animaux,2008,2008,g/personne/jour,9.87,Fc,Donnée calculée
FBSH,Bilans Alimentaire (Ancienne méthodologie et population),162,Norvège,674,Disponibilité de protéines en quantité (g/personne/jour),2901,Total General,2008,2008,g/personne/jour,109.85,Fc,Donnée calculée
FBSH,Bilans Alimentaire (Ancienne méthodologie et population),162,Norvège,674,Disponibilité de protéines en quantité (g/personne/jour),2941,Produits Animaux,2008,2008,g/personne/jour,65.93,Fc,Donnée calculée
FBSH,Bilans Alimentaire (Ancienne méthodologie et population),153,Nouvelle-Calédonie,674,Disponibilité de protéines en quantité (g/personne/jour),2901,Total General,2008,2008,g/personne/jour,80.74,Fc,Donnée calculée
FBSH,Bilans Alimentaire (Ancienne méthodologie et population),153,Nouvelle-Calédonie,674,Disponibilité de protéines en quantité (g/personne/jour),2941,Produits Animaux,2008,2008,g/personne/jour,47.77,Fc,Donnée calculée
FBSH,Bilans Alimentaire (Ancienne méthodologie et population),156,Nouvelle-Zélande,674,Disponibilité de protéines en quantité (g/personne/jour),2901,Total General,2008,2008,g/personne/jour,94.14,Fc,Donnée calculée
FBSH,Bilans Alimentaire (Ancienne méthodologie et population),156,Nouvelle-Zélande,674,Disponibilité de protéines en quantité (g/personne/jour),2941,Produits Animaux,2008,2008,g/personne/jour,58.57,Fc,Donnée calculée
FBSH,Bilans Alimentaire (Ancienne méthodologie et population),221,Oman,674,Disponibilité de protéines en quantité (g/personne/jour),2901,Total General,2008,2008,g/personne/jour,85.99,Fc,Donnée calculée
FBSH,Bilans Alimentaire (Ancienne méthodologie et population),221,Oman,674,Disponibilité de protéines en quantité (g/personne/jour),2941,Produits Animaux,2008,2008,g/personne/jour,47.35,Fc,Donnée calculée
FBSH,Bilans Alimentaire (Ancienne méthodologie et population),226,Ouganda,674,Disponibilité de protéines en quantité (g/personne/jour),2901,Total General,2008,2008,g/personne/jour,53.94,Fc,Donnée calculée
FBSH,Bilans Alimentaire (Ancienne méthodologie et population),226,Ouganda,674,Disponibilité de protéines en quantité (g/personne/jour),2941,Produits Animaux,2008,2008,g/personne/jour,12.49,Fc,Donnée calculée
FBSH,Bilans Alimentaire (Ancienne méthodologie et population),235,Ouzbékistan,674,Disponibilité de protéines en quantité (g/personne/jour),2901,Total General,2008,2008,g/personne/jour,76.69,Fc,Donnée calculée
FBSH,Bilans Alimentaire (Ancienne méthodologie et population),235,Ouzbékistan,674,Disponibilité de protéines en quantité (g/personne/jour),2941,Produits Animaux,2008,2008,g/personne/jour,26.01,Fc,Donnée calculée
FBSH,Bilans Alimentaire (Ancienne méthodologie et population),165,Pakistan,674,Disponibilité de protéines en quantité (g/personne/jour),2901,Total General,2008,2008,g/personne/jour,62.27,Fc,Donnée calculée
FBSH,Bilans Alimentaire (Ancienne méthodologie et population),165,Pakistan,674,Disponibilité de protéines en quantité (g/personne/jour),2941,Produits Animaux,2008,2008,g/personne/jour,25.08,Fc,Donnée calculée
FBSH,Bilans Alimentaire (Ancienne méthodologie et population),166,Panama,674,Disponibilité de protéines en quantité (g/personne/jour),2901,Total General,2008,2008,g/personne/jour,73.31,Fc,Donnée calculée
FBSH,Bilans Alimentaire (Ancienne méthodologie et population),166,Panama,674,Disponibilité de protéines en quantité (g/personne/jour),2941,Produits Animaux,2008,2008,g/personne/jour,39.25,Fc,Donnée calculée
FBSH,Bilans Alimentaire (Ancienne méthodologie et population),169,Paraguay,674,Disponibilité de protéines en quantité (g/personne/jour),2901,Total General,2008,2008,g/personne/jour,64.87,Fc,Donnée calculée
FBSH,Bilans Alimentaire (Ancienne méthodologie et population),169,Paraguay,674,Disponibilité de protéines en quantité (g/personne/jour),2941,Produits Animaux,2008,2008,g/personne/jour,29.23,Fc,Donnée calculée
FBSH,Bilans Alimentaire (Ancienne méthodologie et population),150,Pays-Bas,674,Disponibilité de protéines en quantité (g/personne/jour),2901,Total General,2008,2008,g/personne/jour,108,Fc,Donnée calculée
FBSH,Bilans Alimentaire (Ancienne méthodologie et population),150,Pays-Bas,674,Disponibilité de protéines en quantité (g/personne/jour),2941,Produits Animaux,2008,2008,g/personne/jour,73.66,Fc,Donnée calculée
FBSH,Bilans Alimentaire (Ancienne méthodologie et population),170,Pérou,674,Disponibilité de protéines en quantité (g/personne/jour),2901,Total General,2008,2008,g/personne/jour,69.78,Fc,Donnée calculée
FBSH,Bilans Alimentaire (Ancienne méthodologie et population),170,Pérou,674,Disponibilité de protéines en quantité (g/personne/jour),2941,Produits Animaux,2008,2008,g/personne/jour,25.23,Fc,Donnée calculée
FBSH,Bilans Alimentaire (Ancienne méthodologie et population),171,Philippines,674,Disponibilité de protéines en quantité (g/personne/jour),2901,Total General,2008,2008,g/personne/jour,59.52,Fc,Donnée calculée
FBSH,Bilans Alimentaire (Ancienne méthodologie et population),171,Philippines,674,Disponibilité de protéines en quantité (g/personne/jour),2941,Produits Animaux,2008,2008,g/personne/jour,25.09,Fc,Donnée calculée
FBSH,Bilans Alimentaire (Ancienne méthodologie et population),173,Pologne,674,Disponibilité de protéines en quantité (g/personne/jour),2901,Total General,2008,2008,g/personne/jour,97.96,Fc,Donnée calculée
FBSH,Bilans Alimentaire (Ancienne méthodologie et population),173,Pologne,674,Disponibilité de protéines en quantité (g/personne/jour),2941,Produits Animaux,2008,2008,g/personne/jour,49.41,Fc,Donnée calculée
FBSH,Bilans Alimentaire (Ancienne méthodologie et population),70,Polynésie française,674,Disponibilité de protéines en quantité (g/personne/jour),2901,Total General,2008,2008,g/personne/jour,99.12,Fc,Donnée calculée
FBSH,Bilans Alimentaire (Ancienne méthodologie et population),70,Polynésie française,674,Disponibilité de protéines en quantité (g/personne/jour),2941,Produits Animaux,2008,2008,g/personne/jour,65.81,Fc,Donnée calculée
FBSH,Bilans Alimentaire (Ancienne méthodologie et population),174,Portugal,674,Disponibilité de protéines en quantité (g/personne/jour),2901,Total General,2008,2008,g/personne/jour,114.15,Fc,Donnée calculée
FBSH,Bilans Alimentaire (Ancienne méthodologie et population),174,Portugal,674,Disponibilité de protéines en quantité (g/personne/jour),2941,Produits Animaux,2008,2008,g/personne/jour,71.28,Fc,Donnée calculée
FBSH,Bilans Alimentaire (Ancienne méthodologie et population),37,République centrafricaine,674,Disponibilité de protéines en quantité (g/personne/jour),2901,Total General,2008,2008,g/personne/jour,51.26,Fc,Donnée calculée
FBSH,Bilans Alimentaire (Ancienne méthodologie et population),37,République centrafricaine,674,Disponibilité de protéines en quantité (g/personne/jour),2941,Produits Animaux,2008,2008,g/personne/jour,19.7,Fc,Donnée calculée
FBSH,Bilans Alimentaire (Ancienne méthodologie et population),117,République de Corée,674,Disponibilité de protéines en quantité (g/personne/jour),2901,Total General,2008,2008,g/personne/jour,93.13,Fc,Donnée calculée
FBSH,Bilans Alimentaire (Ancienne méthodologie et population),117,République de Corée,674,Disponibilité de protéines en quantité (g/personne/jour),2941,Produits Animaux,2008,2008,g/personne/jour,43.66,Fc,Donnée calculée
FBSH,Bilans Alimentaire (Ancienne méthodologie et population),146,République de Moldova,674,Disponibilité de protéines en quantité (g/personne/jour),2901,Total General,2008,2008,g/personne/jour,72.07,Fc,Donnée calculée
FBSH,Bilans Alimentaire (Ancienne méthodologie et population),146,République de Moldova,674,Disponibilité de protéines en quantité (g/personne/jour),2941,Produits Animaux,2008,2008,g/personne/jour,32.78,Fc,Donnée calculée
FBSH,Bilans Alimentaire (Ancienne méthodologie et population),120,République démocratique populaire lao,674,Disponibilité de protéines en quantité (g/personne/jour),2901,Total General,2008,2008,g/personne/jour,60.04,Fc,Donnée calculée
FBSH,Bilans Alimentaire (Ancienne méthodologie et population),120,République démocratique populaire lao,674,Disponibilité de protéines en quantité (g/personne/jour),2941,Produits Animaux,2008,2008,g/personne/jour,12.54,Fc,Donnée calculée
FBSH,Bilans Alimentaire (Ancienne méthodologie et population),56,République dominicaine,674,Disponibilité de protéines en quantité (g/personne/jour),2901,Total General,2008,2008,g/personne/jour,54.74,Fc,Donnée calculée
FBSH,Bilans Alimentaire (Ancienne méthodologie et population),56,République dominicaine,674,Disponibilité de protéines en quantité (g/personne/jour),2941,Produits Animaux,2008,2008,g/personne/jour,28.49,Fc,Donnée calculée
FBSH,Bilans Alimentaire (Ancienne méthodologie et population),116,République populaire démocratique de Corée,674,Disponibilité de protéines en quantité (g/personne/jour),2901,Total General,2008,2008,g/personne/jour,56.72,Fc,Donnée calculée
FBSH,Bilans Alimentaire (Ancienne méthodologie et population),116,République populaire démocratique de Corée,674,Disponibilité de protéines en quantité (g/personne/jour),2941,Produits Animaux,2008,2008,g/personne/jour,9.76,Fc,Donnée calculée
FBSH,Bilans Alimentaire (Ancienne méthodologie et population),215,République-Unie de Tanzanie,674,Disponibilité de protéines en quantité (g/personne/jour),2901,Total General,2008,2008,g/personne/jour,53.46,Fc,Donnée calculée
FBSH,Bilans Alimentaire (Ancienne méthodologie et population),215,République-Unie de Tanzanie,674,Disponibilité de protéines en quantité (g/personne/jour),2941,Produits Animaux,2008,2008,g/personne/jour,9.27,Fc,Donnée calculée
FBSH,Bilans Alimentaire (Ancienne méthodologie et population),183,Roumanie,674,Disponibilité de protéines en quantité (g/personne/jour),2901,Total General,2008,2008,g/personne/jour,110.58,Fc,Donnée calculée
FBSH,Bilans Alimentaire (Ancienne méthodologie et population),183,Roumanie,674,Disponibilité de protéines en quantité (g/personne/jour),2941,Produits Animaux,2008,2008,g/personne/jour,55.85,Fc,Donnée calculée
FBSH,Bilans Alimentaire (Ancienne méthodologie et population),229,Royaume-Uni de Grande-Bretagne et d'Irlande du Nord,674,Disponibilité de protéines en quantité (g/personne/jour),2901,Total General,2008,2008,g/personne/jour,102.88,Fc,Donnée calculée
FBSH,Bilans Alimentaire (Ancienne méthodologie et population),229,Royaume-Uni de Grande-Bretagne et d'Irlande du Nord,674,Disponibilité de protéines en quantité (g/personne/jour),2941,Produits Animaux,2008,2008,g/personne/jour,57.69,Fc,Donnée calculée
FBSH,Bilans Alimentaire (Ancienne méthodologie et population),184,Rwanda,674,Disponibilité de protéines en quantité (g/personne/jour),2901,Total General,2008,2008,g/personne/jour,53.29,Fc,Donnée calculée
FBSH,Bilans Alimentaire (Ancienne méthodologie et population),184,Rwanda,674,Disponibilité de protéines en quantité (g/personne/jour),2941,Produits Animaux,2008,2008,g/personne/jour,5.19,Fc,Donnée calculée
FBSH,Bilans Alimentaire (Ancienne méthodologie et population),188,Saint-Kitts-et-Nevis,674,Disponibilité de protéines en quantité (g/personne/jour),2901,Total General,2008,2008,g/personne/jour,75.41,Fc,Donnée calculée
FBSH,Bilans Alimentaire (Ancienne méthodologie et population),188,Saint-Kitts-et-Nevis,674,Disponibilité de protéines en quantité (g/personne/jour),2941,Produits Animaux,2008,2008,g/personne/jour,47.04,Fc,Donnée calculée
FBSH,Bilans Alimentaire (Ancienne méthodologie et population),191,Saint-Vincent-et-les Grenadines,674,Disponibilité de protéines en quantité (g/personne/jour),2901,Total General,2008,2008,g/personne/jour,86.04,Fc,Donnée calculée
FBSH,Bilans Alimentaire (Ancienne méthodologie et population),191,Saint-Vincent-et-les Grenadines,674,Disponibilité de protéines en quantité (g/personne/jour),2941,Produits Animaux,2008,2008,g/personne/jour,49.16,Fc,Donnée calculée
FBSH,Bilans Alimentaire (Ancienne méthodologie et population),189,Sainte-Lucie,674,Disponibilité de protéines en quantité (g/personne/jour),2901,Total General,2008,2008,g/personne/jour,84.17,Fc,Donnée calculée
FBSH,Bilans Alimentaire (Ancienne méthodologie et population),189,Sainte-Lucie,674,Disponibilité de protéines en quantité (g/personne/jour),2941,Produits Animaux,2008,2008,g/personne/jour,52.14,Fc,Donnée calculée
FBSH,Bilans Alimentaire (Ancienne méthodologie et population),244,Samoa,674,Disponibilité de protéines en quantité (g/personne/jour),2901,Total General,2008,2008,g/personne/jour,79.81,Fc,Donnée calculée
FBSH,Bilans Alimentaire (Ancienne méthodologie et population),244,Samoa,674,Disponibilité de protéines en quantité (g/personne/jour),2941,Produits Animaux,2008,2008,g/personne/jour,47.79,Fc,Donnée calculée
FBSH,Bilans Alimentaire (Ancienne méthodologie et population),193,Sao Tomé-et-Principe,674,Disponibilité de protéines en quantité (g/personne/jour),2901,Total General,2008,2008,g/personne/jour,57.43,Fc,Donnée calculée
FBSH,Bilans Alimentaire (Ancienne méthodologie et population),193,Sao Tomé-et-Principe,674,Disponibilité de protéines en quantité (g/personne/jour),2941,Produits Animaux,2008,2008,g/personne/jour,16.5,Fc,Donnée calculée
FBSH,Bilans Alimentaire (Ancienne méthodologie et population),195,Sénégal,674,Disponibilité de protéines en quantité (g/personne/jour),2901,Total General,2008,2008,g/personne/jour,60.51,Fc,Donnée calculée
FBSH,Bilans Alimentaire (Ancienne méthodologie et population),195,Sénégal,674,Disponibilité de protéines en quantité (g/personne/jour),2941,Produits Animaux,2008,2008,g/personne/jour,16.92,Fc,Donnée calculée
FBSH,Bilans Alimentaire (Ancienne méthodologie et population),272,Serbie,674,Disponibilité de protéines en quantité (g/personne/jour),2901,Total General,2008,2008,g/personne/jour,80.57,Fc,Donnée calculée
FBSH,Bilans Alimentaire (Ancienne méthodologie et population),272,Serbie,674,Disponibilité de protéines en quantité (g/personne/jour),2941,Produits Animaux,2008,2008,g/personne/jour,37.13,Fc,Donnée calculée
FBSH,Bilans Alimentaire (Ancienne méthodologie et population),197,Sierra Leone,674,Disponibilité de protéines en quantité (g/personne/jour),2901,Total General,2008,2008,g/personne/jour,53.61,Fc,Donnée calculée
FBSH,Bilans Alimentaire (Ancienne méthodologie et population),197,Sierra Leone,674,Disponibilité de protéines en quantité (g/personne/jour),2941,Produits Animaux,2008,2008,g/personne/jour,14.51,Fc,Donnée calculée
FBSH,Bilans Alimentaire (Ancienne méthodologie et population),199,Slovaquie,674,Disponibilité de protéines en quantité (g/personne/jour),2901,Total General,2008,2008,g/personne/jour,73.43,Fc,Donnée calculée
FBSH,Bilans Alimentaire (Ancienne méthodologie et population),199,Slovaquie,674,Disponibilité de protéines en quantité (g/personne/jour),2941,Produits Animaux,2008,2008,g/personne/jour,34.92,Fc,Donnée calculée
FBSH,Bilans Alimentaire (Ancienne méthodologie et population),198,Slovénie,674,Disponibilité de protéines en quantité (g/personne/jour),2901,Total General,2008,2008,g/personne/jour,101.66,Fc,Donnée calculée
FBSH,Bilans Alimentaire (Ancienne méthodologie et population),198,Slovénie,674,Disponibilité de protéines en quantité (g/personne/jour),2941,Produits Animaux,2008,2008,g/personne/jour,59.96,Fc,Donnée calculée
FBSH,Bilans Alimentaire (Ancienne méthodologie et population),206,Soudan,674,Disponibilité de protéines en quantité (g/personne/jour),2901,Total General,2008,2008,g/personne/jour,75.57,Fc,Donnée calculée
FBSH,Bilans Alimentaire (Ancienne méthodologie et population),206,Soudan,674,Disponibilité de protéines en quantité (g/personne/jour),2941,Produits Animaux,2008,2008,g/personne/jour,30.61,Fc,Donnée calculée
FBSH,Bilans Alimentaire (Ancienne méthodologie et population),38,Sri Lanka,674,Disponibilité de protéines en quantité (g/personne/jour),2901,Total General,2008,2008,g/personne/jour,54.79,Fc,Donnée calculée
FBSH,Bilans Alimentaire (Ancienne méthodologie et population),38,Sri Lanka,674,Disponibilité de protéines en quantité (g/personne/jour),2941,Produits Animaux,2008,2008,g/personne/jour,13.75,Fc,Donnée calculée
FBSH,Bilans Alimentaire (Ancienne méthodologie et population),210,Suède,674,Disponibilité de protéines en quantité (g/personne/jour),2901,Total General,2008,2008,g/personne/jour,108.93,Fc,Donnée calculée
FBSH,Bilans Alimentaire (Ancienne méthodologie et population),210,Suède,674,Disponibilité de protéines en quantité (g/personne/jour),2941,Produits Animaux,2008,2008,g/personne/jour,72.32,Fc,Donnée calculée
FBSH,Bilans Alimentaire (Ancienne méthodologie et population),211,Suisse,674,Disponibilité de protéines en quantité (g/personne/jour),2901,Total General,2008,2008,g/personne/jour,93.42,Fc,Donnée calculée
FBSH,Bilans Alimentaire (Ancienne méthodologie et population),211,Suisse,674,Disponibilité de protéines en quantité (g/personne/jour),2941,Produits Animaux,2008,2008,g/personne/jour,59.88,Fc,Donnée calculée
FBSH,Bilans Alimentaire (Ancienne méthodologie et population),207,Suriname,674,Disponibilité de protéines en quantité (g/personne/jour),2901,Total General,2008,2008,g/personne/jour,59.06,Fc,Donnée calculée
FBSH,Bilans Alimentaire (Ancienne méthodologie et population),207,Suriname,674,Disponibilité de protéines en quantité (g/personne/jour),2941,Produits Animaux,2008,2008,g/personne/jour,25.31,Fc,Donnée calculée
FBSH,Bilans Alimentaire (Ancienne méthodologie et population),208,Tadjikistan,674,Disponibilité de protéines en quantité (g/personne/jour),2901,Total General,2008,2008,g/personne/jour,51.66,Fc,Donnée calculée
FBSH,Bilans Alimentaire (Ancienne méthodologie et population),208,Tadjikistan,674,Disponibilité de protéines en quantité (g/personne/jour),2941,Produits Animaux,2008,2008,g/personne/jour,11.42,Fc,Donnée calculée
FBSH,Bilans Alimentaire (Ancienne méthodologie et population),39,Tchad,674,Disponibilité de protéines en quantité (g/personne/jour),2901,Total General,2008,2008,g/personne/jour,61.43,Fc,Donnée calculée
FBSH,Bilans Alimentaire (Ancienne méthodologie et population),39,Tchad,674,Disponibilité de protéines en quantité (g/personne/jour),2941,Produits Animaux,2008,2008,g/personne/jour,9.64,Fc,Donnée calculée
FBSH,Bilans Alimentaire (Ancienne méthodologie et population),167,Tchéquie,674,Disponibilité de protéines en quantité (g/personne/jour),2901,Total General,2008,2008,g/personne/jour,93.79,Fc,Donnée calculée
FBSH,Bilans Alimentaire (Ancienne méthodologie et population),167,Tchéquie,674,Disponibilité de protéines en quantité (g/personne/jour),2941,Produits Animaux,2008,2008,g/personne/jour,55.4,Fc,Donnée calculée
FBSH,Bilans Alimentaire (Ancienne méthodologie et population),216,Thaïlande,674,Disponibilité de protéines en quantité (g/personne/jour),2901,Total General,2008,2008,g/personne/jour,57.68,Fc,Donnée calculée
FBSH,Bilans Alimentaire (Ancienne méthodologie et population),216,Thaïlande,674,Disponibilité de protéines en quantité (g/personne/jour),2941,Produits Animaux,2008,2008,g/personne/jour,22.41,Fc,Donnée calculée
FBSH,Bilans Alimentaire (Ancienne méthodologie et population),176,Timor-Leste,674,Disponibilité de protéines en quantité (g/personne/jour),2901,Total General,2008,2008,g/personne/jour,54.95,Fc,Donnée calculée
FBSH,Bilans Alimentaire (Ancienne méthodologie et population),176,Timor-Leste,674,Disponibilité de protéines en quantité (g/personne/jour),2941,Produits Animaux,2008,2008,g/personne/jour,15.69,Fc,Donnée calculée
FBSH,Bilans Alimentaire (Ancienne méthodologie et population),217,Togo,674,Disponibilité de protéines en quantité (g/personne/jour),2901,Total General,2008,2008,g/personne/jour,53.54,Fc,Donnée calculée
FBSH,Bilans Alimentaire (Ancienne méthodologie et population),217,Togo,674,Disponibilité de protéines en quantité (g/personne/jour),2941,Produits Animaux,2008,2008,g/personne/jour,6.51,Fc,Donnée calculée
FBSH,Bilans Alimentaire (Ancienne méthodologie et population),220,Trinité-et-Tobago,674,Disponibilité de protéines en quantité (g/personne/jour),2901,Total General,2008,2008,g/personne/jour,72.46,Fc,Donnée calculée
FBSH,Bilans Alimentaire (Ancienne méthodologie et population),220,Trinité-et-Tobago,674,Disponibilité de protéines en quantité (g/personne/jour),2941,Produits Animaux,2008,2008,g/personne/jour,34.98,Fc,Donnée calculée
FBSH,Bilans Alimentaire (Ancienne méthodologie et population),222,Tunisie,674,Disponibilité de protéines en quantité (g/personne/jour),2901,Total General,2008,2008,g/personne/jour,91.81,Fc,Donnée calculée
FBSH,Bilans Alimentaire (Ancienne méthodologie et population),222,Tunisie,674,Disponibilité de protéines en quantité (g/personne/jour),2941,Produits Animaux,2008,2008,g/personne/jour,25.85,Fc,Donnée calculée
FBSH,Bilans Alimentaire (Ancienne méthodologie et population),213,Turkménistan,674,Disponibilité de protéines en quantité (g/personne/jour),2901,Total General,2008,2008,g/personne/jour,92.73,Fc,Donnée calculée
FBSH,Bilans Alimentaire (Ancienne méthodologie et population),213,Turkménistan,674,Disponibilité de protéines en quantité (g/personne/jour),2941,Produits Animaux,2008,2008,g/personne/jour,39.09,Fc,Donnée calculée
FBSH,Bilans Alimentaire (Ancienne méthodologie et population),223,Turquie,674,Disponibilité de protéines en quantité (g/personne/jour),2901,Total General,2008,2008,g/personne/jour,100.53,Fc,Donnée calculée
FBSH,Bilans Alimentaire (Ancienne méthodologie et population),223,Turquie,674,Disponibilité de protéines en quantité (g/personne/jour),2941,Produits Animaux,2008,2008,g/personne/jour,27.66,Fc,Donnée calculée
FBSH,Bilans Alimentaire (Ancienne méthodologie et population),230,Ukraine,674,Disponibilité de protéines en quantité (g/personne/jour),2901,Total General,2008,2008,g/personne/jour,91.41,Fc,Donnée calculée
FBSH,Bilans Alimentaire (Ancienne méthodologie et population),230,Ukraine,674,Disponibilité de protéines en quantité (g/personne/jour),2941,Produits Animaux,2008,2008,g/personne/jour,45.05,Fc,Donnée calculée
FBSH,Bilans Alimentaire (Ancienne méthodologie et population),234,Uruguay,674,Disponibilité de protéines en quantité (g/personne/jour),2901,Total General,2008,2008,g/personne/jour,89.43,Fc,Donnée calculée
FBSH,Bilans Alimentaire (Ancienne méthodologie et population),234,Uruguay,674,Disponibilité de protéines en quantité (g/personne/jour),2941,Produits Animaux,2008,2008,g/personne/jour,51.16,Fc,Donnée calculée
FBSH,Bilans Alimentaire (Ancienne méthodologie et population),155,Vanuatu,674,Disponibilité de protéines en quantité (g/personne/jour),2901,Total General,2008,2008,g/personne/jour,68.9,Fc,Donnée calculée
FBSH,Bilans Alimentaire (Ancienne méthodologie et population),155,Vanuatu,674,Disponibilité de protéines en quantité (g/personne/jour),2941,Produits Animaux,2008,2008,g/personne/jour,29.5,Fc,Donnée calculée
FBSH,Bilans Alimentaire (Ancienne méthodologie et population),236,Venezuela (République bolivarienne du),674,Disponibilité de protéines en quantité (g/personne/jour),2901,Total General,2008,2008,g/personne/jour,78.75,Fc,Donnée calculée
FBSH,Bilans Alimentaire (Ancienne méthodologie et population),236,Venezuela (République bolivarienne du),674,Disponibilité de protéines en quantité (g/personne/jour),2941,Produits Animaux,2008,2008,g/personne/jour,41.44,Fc,Donnée calculée
FBSH,Bilans Alimentaire (Ancienne méthodologie et population),237,Viet Nam,674,Disponibilité de protéines en quantité (g/personne/jour),2901,Total General,2008,2008,g/personne/jour,71,Fc,Donnée calculée
FBSH,Bilans Alimentaire (Ancienne méthodologie et population),237,Viet Nam,674,Disponibilité de protéines en quantité (g/personne/jour),2941,Produits Animaux,2008,2008,g/personne/jour,26.16,Fc,Donnée calculée
FBSH,Bilans Alimentaire (Ancienne méthodologie et population),249,Yémen,674,Disponibilité de protéines en quantité (g/personne/jour),2901,Total General,2008,2008,g/personne/jour,55.94,Fc,Donnée calculée
FBSH,Bilans Alimentaire (Ancienne méthodologie et population),249,Yémen,674,Disponibilité de protéines en quantité (g/personne/jour),2941,Produits Animaux,2008,2008,g/personne/jour,11.89,Fc,Donnée calculée
FBSH,Bilans Alimentaire (Ancienne méthodologie et population),251,Zambie,674,Disponibilité de protéines en quantité (g/personne/jour),2901,Total General,2008,2008,g/personne/jour,47.84,Fc,Donnée calculée
FBSH,Bilans Alimentaire (Ancienne méthodologie et population),251,Zambie,674,Disponibilité de protéines en quantité (g/personne/jour),2941,Produits Animaux,2008,2008,g/personne/jour,8.97,Fc,Donnée calculée
FBSH,Bilans Alimentaire (Ancienne méthodologie et population),181,Zimbabwe,674,Disponibilité de protéines en quantité (g/personne/jour),2901,Total General,2008,2008,g/personne/jour,50.71,Fc,Donnée calculée
FBSH,Bilans Alimentaire (Ancienne méthodologie et population),181,Zimbabwe,674,Disponibilité de protéines en quantité (g/personne/jour),2941,Produits Animaux,2008,2008,g/personne/jour,11.14,Fc,Donnée calculée
