Code Domaine,Domaine,Code zone (FAO),Zone,Code Élément,Élément,Code Produit,Produit,Code année,Année,Unité,Valeur,Symbole,Description du Symbole,Note
MK,Indicateurs macro,2,Afghanistan,6110,Valeur US $,22008,Produit Intérieur Brut,2018,2018,millions,17986.9675,X,Sources internationales sûres,
MK,Indicateurs macro,2,Afghanistan,6119,Valeur US $ par habitant,22008,Produit Intérieur Brut,2018,2018,US$,483.885875,X,Sources internationales sûres,
MK,Indicateurs macro,202,Afrique du Sud,6110,Valeur US $,22008,Produit Intérieur Brut,2018,2018,millions,368093.93237,X,Sources internationales sûres,
MK,Indicateurs macro,202,Afrique du Sud,6119,Valeur US $ par habitant,22008,Produit Intérieur Brut,2018,2018,US$,6369.231608,X,Sources internationales sûres,
MK,Indicateurs macro,3,Albanie,6110,Valeur US $,22008,Produit Intérieur Brut,2018,2018,millions,15147.025232,X,Sources internationales sûres,
MK,Indicateurs macro,3,Albanie,6119,Valeur US $ par habitant,22008,Produit Intérieur Brut,2018,2018,US$,5254.384798,X,Sources internationales sûres,
MK,Indicateurs macro,4,Algérie,6110,Valeur US $,22008,Produit Intérieur Brut,2018,2018,millions,175415.000298,X,Sources internationales sûres,
MK,Indicateurs macro,4,Algérie,6119,Valeur US $ par habitant,22008,Produit Intérieur Brut,2018,2018,US$,4153.95722,X,Sources internationales sûres,
MK,Indicateurs macro,79,Allemagne,6110,Valeur US $,22008,Produit Intérieur Brut,2018,2018,millions,3963767.526251,X,Sources internationales sûres,
MK,Indicateurs macro,79,Allemagne,6119,Valeur US $ par habitant,22008,Produit Intérieur Brut,2018,2018,US$,47684.755233,X,Sources internationales sûres,
MK,Indicateurs macro,6,Andorre,6110,Valeur US $,22008,Produit Intérieur Brut,2018,2018,millions,3218.419456,X,Sources internationales sûres,
MK,Indicateurs macro,6,Andorre,6119,Valeur US $ par habitant,22008,Produit Intérieur Brut,2018,2018,US$,41794.398572,X,Sources internationales sûres,
MK,Indicateurs macro,7,Angola,6110,Valeur US $,22008,Produit Intérieur Brut,2018,2018,millions,101353.211652,X,Sources internationales sûres,
MK,Indicateurs macro,7,Angola,6119,Valeur US $ par habitant,22008,Produit Intérieur Brut,2018,2018,US$,3289.643374,X,Sources internationales sûres,
MK,Indicateurs macro,258,Anguilla,6110,Valeur US $,22008,Produit Intérieur Brut,2018,2018,millions,320.486953,X,Sources internationales sûres,
MK,Indicateurs macro,258,Anguilla,6119,Valeur US $ par habitant,22008,Produit Intérieur Brut,2018,2018,US$,21755.953633,X,Sources internationales sûres,
MK,Indicateurs macro,8,Antigua-et-Barbuda,6110,Valeur US $,22008,Produit Intérieur Brut,2018,2018,millions,1605.351852,X,Sources internationales sûres,
MK,Indicateurs macro,8,Antigua-et-Barbuda,6119,Valeur US $ par habitant,22008,Produit Intérieur Brut,2018,2018,US$,16672.74424,X,Sources internationales sûres,
MK,Indicateurs macro,194,Arabie saoudite,6110,Valeur US $,22008,Produit Intérieur Brut,2018,2018,millions,786521.831572,X,Sources internationales sûres,
MK,Indicateurs macro,194,Arabie saoudite,6119,Valeur US $ par habitant,22008,Produit Intérieur Brut,2018,2018,US$,23337.018242,X,Sources internationales sûres,
MK,Indicateurs macro,9,Argentine,6110,Valeur US $,22008,Produit Intérieur Brut,2018,2018,millions,519871.674008,X,Sources internationales sûres,
MK,Indicateurs macro,9,Argentine,6119,Valeur US $ par habitant,22008,Produit Intérieur Brut,2018,2018,US$,11719.075678,X,Sources internationales sûres,
MK,Indicateurs macro,1,Arménie,6110,Valeur US $,22008,Produit Intérieur Brut,2018,2018,millions,12457.940705,X,Sources internationales sûres,
MK,Indicateurs macro,1,Arménie,6119,Valeur US $ par habitant,22008,Produit Intérieur Brut,2018,2018,US$,4220.534194,X,Sources internationales sûres,
MK,Indicateurs macro,22,Aruba,6110,Valeur US $,22008,Produit Intérieur Brut,2018,2018,millions,3203.132961,X,Sources internationales sûres,
MK,Indicateurs macro,22,Aruba,6119,Valeur US $ par habitant,22008,Produit Intérieur Brut,2018,2018,US$,30262.48723,X,Sources internationales sûres,
MK,Indicateurs macro,10,Australie,6110,Valeur US $,22008,Produit Intérieur Brut,2018,2018,millions,1458952.688944,X,Sources internationales sûres,
MK,Indicateurs macro,10,Australie,6119,Valeur US $ par habitant,22008,Produit Intérieur Brut,2018,2018,US$,58596.826341,X,Sources internationales sûres,
MK,Indicateurs macro,11,Autriche,6110,Valeur US $,22008,Produit Intérieur Brut,2018,2018,millions,455094.861902,X,Sources internationales sûres,
MK,Indicateurs macro,11,Autriche,6119,Valeur US $ par habitant,22008,Produit Intérieur Brut,2018,2018,US$,51183.781644,X,Sources internationales sûres,
MK,Indicateurs macro,52,Azerbaïdjan,6110,Valeur US $,22008,Produit Intérieur Brut,2018,2018,millions,47112.479289,X,Sources internationales sûres,
MK,Indicateurs macro,52,Azerbaïdjan,6119,Valeur US $ par habitant,22008,Produit Intérieur Brut,2018,2018,US$,4735.14288,X,Sources internationales sûres,
MK,Indicateurs macro,12,Bahamas,6110,Valeur US $,22008,Produit Intérieur Brut,2018,2018,millions,13022.1,X,Sources internationales sûres,
MK,Indicateurs macro,12,Bahamas,6119,Valeur US $ par habitant,22008,Produit Intérieur Brut,2018,2018,US$,33767.76606,X,Sources internationales sûres,
MK,Indicateurs macro,13,Bahreïn,6110,Valeur US $,22008,Produit Intérieur Brut,2018,2018,millions,37652.526596,X,Sources internationales sûres,
MK,Indicateurs macro,13,Bahreïn,6119,Valeur US $ par habitant,22008,Produit Intérieur Brut,2018,2018,US$,23990.966619,X,Sources internationales sûres,
MK,Indicateurs macro,16,Bangladesh,6110,Valeur US $,22008,Produit Intérieur Brut,2018,2018,millions,269627.615528,X,Sources internationales sûres,
MK,Indicateurs macro,16,Bangladesh,6119,Valeur US $ par habitant,22008,Produit Intérieur Brut,2018,2018,US$,1670.796355,X,Sources internationales sûres,
MK,Indicateurs macro,14,Barbade,6110,Valeur US $,22008,Produit Intérieur Brut,2018,2018,millions,5086.7,X,Sources internationales sûres,
MK,Indicateurs macro,14,Barbade,6119,Valeur US $ par habitant,22008,Produit Intérieur Brut,2018,2018,US$,17745.891202,X,Sources internationales sûres,
MK,Indicateurs macro,57,Bélarus,6110,Valeur US $,22008,Produit Intérieur Brut,2018,2018,millions,60031.035896,X,Sources internationales sûres,
MK,Indicateurs macro,57,Bélarus,6119,Valeur US $ par habitant,22008,Produit Intérieur Brut,2018,2018,US$,6350.731855,X,Sources internationales sûres,
MK,Indicateurs macro,255,Belgique,6110,Valeur US $,22008,Produit Intérieur Brut,2018,2018,millions,543734.366831,X,Sources internationales sûres,
MK,Indicateurs macro,255,Belgique,6119,Valeur US $ par habitant,22008,Produit Intérieur Brut,2018,2018,US$,47354.636623,X,Sources internationales sûres,
MK,Indicateurs macro,23,Belize,6110,Valeur US $,22008,Produit Intérieur Brut,2018,2018,millions,1871.203164,X,Sources internationales sûres,
MK,Indicateurs macro,23,Belize,6119,Valeur US $ par habitant,22008,Produit Intérieur Brut,2018,2018,US$,4884.742421,X,Sources internationales sûres,
MK,Indicateurs macro,53,Bénin,6110,Valeur US $,22008,Produit Intérieur Brut,2018,2018,millions,14262.40808,X,Sources internationales sûres,
MK,Indicateurs macro,53,Bénin,6119,Valeur US $ par habitant,22008,Produit Intérieur Brut,2018,2018,US$,1241.824418,X,Sources internationales sûres,
MK,Indicateurs macro,18,Bhoutan,6110,Valeur US $,22008,Produit Intérieur Brut,2018,2018,millions,2446.675279,X,Sources internationales sûres,
MK,Indicateurs macro,18,Bhoutan,6119,Valeur US $ par habitant,22008,Produit Intérieur Brut,2018,2018,US$,3243.258481,X,Sources internationales sûres,
MK,Indicateurs macro,19,Bolivie (État plurinational de),6110,Valeur US $,22008,Produit Intérieur Brut,2018,2018,millions,40287.647931,X,Sources internationales sûres,
MK,Indicateurs macro,19,Bolivie (État plurinational de),6119,Valeur US $ par habitant,22008,Produit Intérieur Brut,2018,2018,US$,3548.590155,X,Sources internationales sûres,
MK,Indicateurs macro,80,Bosnie-Herzégovine,6110,Valeur US $,22008,Produit Intérieur Brut,2018,2018,millions,20183.688191,X,Sources internationales sûres,
MK,Indicateurs macro,80,Bosnie-Herzégovine,6119,Valeur US $ par habitant,22008,Produit Intérieur Brut,2018,2018,US$,6072.24537,X,Sources internationales sûres,
MK,Indicateurs macro,20,Botswana,6110,Valeur US $,22008,Produit Intérieur Brut,2018,2018,millions,18663.311292,X,Sources internationales sûres,
MK,Indicateurs macro,20,Botswana,6119,Valeur US $ par habitant,22008,Produit Intérieur Brut,2018,2018,US$,8279.835077,X,Sources internationales sûres,
MK,Indicateurs macro,21,Brésil,6110,Valeur US $,22008,Produit Intérieur Brut,2018,2018,millions,1885469.424092,X,Sources internationales sûres,
MK,Indicateurs macro,21,Brésil,6119,Valeur US $ par habitant,22008,Produit Intérieur Brut,2018,2018,US$,9001.172091,X,Sources internationales sûres,
MK,Indicateurs macro,27,Bulgarie,6110,Valeur US $,22008,Produit Intérieur Brut,2018,2018,millions,66199.180266,X,Sources internationales sûres,
MK,Indicateurs macro,27,Bulgarie,6119,Valeur US $ par habitant,22008,Produit Intérieur Brut,2018,2018,US$,9387.813427,X,Sources internationales sûres,
MK,Indicateurs macro,233,Burkina Faso,6110,Valeur US $,22008,Produit Intérieur Brut,2018,2018,millions,16059.912074,X,Sources internationales sûres,
MK,Indicateurs macro,233,Burkina Faso,6119,Valeur US $ par habitant,22008,Produit Intérieur Brut,2018,2018,US$,813.09975,X,Sources internationales sûres,
MK,Indicateurs macro,29,Burundi,6110,Valeur US $,22008,Produit Intérieur Brut,2018,2018,millions,3079.753272,X,Sources internationales sûres,
MK,Indicateurs macro,29,Burundi,6119,Valeur US $ par habitant,22008,Produit Intérieur Brut,2018,2018,US$,275.583911,X,Sources internationales sûres,
MK,Indicateurs macro,35,Cabo Verde,6110,Valeur US $,22008,Produit Intérieur Brut,2018,2018,millions,1966.501562,X,Sources internationales sûres,
MK,Indicateurs macro,35,Cabo Verde,6119,Valeur US $ par habitant,22008,Produit Intérieur Brut,2018,2018,US$,3616.441531,X,Sources internationales sûres,
MK,Indicateurs macro,115,Cambodge,6110,Valeur US $,22008,Produit Intérieur Brut,2018,2018,millions,24571.753633,X,Sources internationales sûres,
MK,Indicateurs macro,115,Cambodge,6119,Valeur US $ par habitant,22008,Produit Intérieur Brut,2018,2018,US$,1512.127271,X,Sources internationales sûres,
MK,Indicateurs macro,32,Cameroun,6110,Valeur US $,22008,Produit Intérieur Brut,2018,2018,millions,38694.159761,X,Sources internationales sûres,
MK,Indicateurs macro,32,Cameroun,6119,Valeur US $ par habitant,22008,Produit Intérieur Brut,2018,2018,US$,1534.491991,X,Sources internationales sûres,
MK,Indicateurs macro,33,Canada,6110,Valeur US $,22008,Produit Intérieur Brut,2018,2018,millions,1721905.662846,X,Sources internationales sûres,
MK,Indicateurs macro,33,Canada,6119,Valeur US $ par habitant,22008,Produit Intérieur Brut,2018,2018,US$,46444.396642,X,Sources internationales sûres,
MK,Indicateurs macro,40,Chili,6110,Valeur US $,22008,Produit Intérieur Brut,2018,2018,millions,298258.019275,X,Sources internationales sûres,
MK,Indicateurs macro,40,Chili,6119,Valeur US $ par habitant,22008,Produit Intérieur Brut,2018,2018,US$,15924.794239,X,Sources internationales sûres,
MK,Indicateurs macro,96,Chine - RAS de Hong-Kong,6110,Valeur US $,22008,Produit Intérieur Brut,2018,2018,millions,361696.880781,X,Sources internationales sûres,
MK,Indicateurs macro,96,Chine - RAS de Hong-Kong,6119,Valeur US $ par habitant,22008,Produit Intérieur Brut,2018,2018,US$,49065.399951,X,Sources internationales sûres,
MK,Indicateurs macro,128,Chine - RAS de Macao,6110,Valeur US $,22008,Produit Intérieur Brut,2018,2018,millions,55084.000181,X,Sources internationales sûres,
MK,Indicateurs macro,128,Chine - RAS de Macao,6119,Valeur US $ par habitant,22008,Produit Intérieur Brut,2018,2018,US$,87208.455789,X,Sources internationales sûres,
MK,Indicateurs macro,214,"Chine, Taiwan Province de",6110,Valeur US $,22008,Produit Intérieur Brut,2018,2018,millions,602680,X,Sources internationales sûres,
MK,Indicateurs macro,214,"Chine, Taiwan Province de",6119,Valeur US $ par habitant,22008,Produit Intérieur Brut,2018,2018,US$,25534,X,Sources internationales sûres,
MK,Indicateurs macro,41,"Chine, continentale",6110,Valeur US $,22008,Produit Intérieur Brut,2018,2018,millions,13894907.046052,X,Sources internationales sûres,
MK,Indicateurs macro,41,"Chine, continentale",6119,Valeur US $ par habitant,22008,Produit Intérieur Brut,2018,2018,US$,9732.727625,X,Sources internationales sûres,
MK,Indicateurs macro,50,Chypre,6110,Valeur US $,22008,Produit Intérieur Brut,2018,2018,millions,24962.780237,X,Sources internationales sûres,
MK,Indicateurs macro,50,Chypre,6119,Valeur US $ par habitant,22008,Produit Intérieur Brut,2018,2018,US$,28967.576681,X,Sources internationales sûres,
MK,Indicateurs macro,44,Colombie,6110,Valeur US $,22008,Produit Intérieur Brut,2018,2018,millions,333568.926393,X,Sources internationales sûres,
MK,Indicateurs macro,44,Colombie,6119,Valeur US $ par habitant,22008,Produit Intérieur Brut,2018,2018,US$,6716.912748,X,Sources internationales sûres,
MK,Indicateurs macro,46,Congo,6110,Valeur US $,22008,Produit Intérieur Brut,2018,2018,millions,13360.104989,X,Sources internationales sûres,
MK,Indicateurs macro,46,Congo,6119,Valeur US $ par habitant,22008,Produit Intérieur Brut,2018,2018,US$,2547.519151,X,Sources internationales sûres,
MK,Indicateurs macro,48,Costa Rica,6110,Valeur US $,22008,Produit Intérieur Brut,2018,2018,millions,60553.901289,X,Sources internationales sûres,
MK,Indicateurs macro,48,Costa Rica,6119,Valeur US $ par habitant,22008,Produit Intérieur Brut,2018,2018,US$,12112.134394,X,Sources internationales sûres,
MK,Indicateurs macro,107,Côte d'Ivoire,6110,Valeur US $,22008,Produit Intérieur Brut,2018,2018,millions,58010.991902,X,Sources internationales sûres,
MK,Indicateurs macro,107,Côte d'Ivoire,6119,Valeur US $ par habitant,22008,Produit Intérieur Brut,2018,2018,US$,2314.03166,X,Sources internationales sûres,
MK,Indicateurs macro,98,Croatie,6110,Valeur US $,22008,Produit Intérieur Brut,2018,2018,millions,60991.183097,X,Sources internationales sûres,
MK,Indicateurs macro,98,Croatie,6119,Valeur US $ par habitant,22008,Produit Intérieur Brut,2018,2018,US$,14674.023127,X,Sources internationales sûres,
MK,Indicateurs macro,49,Cuba,6110,Valeur US $,22008,Produit Intérieur Brut,2018,2018,millions,100023,X,Sources internationales sûres,
MK,Indicateurs macro,49,Cuba,6119,Valeur US $ par habitant,22008,Produit Intérieur Brut,2018,2018,US$,8821.822004,X,Sources internationales sûres,
MK,Indicateurs macro,279,Curaçao,6110,Valeur US $,22008,Produit Intérieur Brut,2018,2018,millions,3127.908038,X,Sources internationales sûres,
MK,Indicateurs macro,279,Curaçao,6119,Valeur US $ par habitant,22008,Produit Intérieur Brut,2018,2018,US$,19218.860831,X,Sources internationales sûres,
MK,Indicateurs macro,54,Danemark,6110,Valeur US $,22008,Produit Intérieur Brut,2018,2018,millions,356879.499798,X,Sources internationales sûres,
MK,Indicateurs macro,54,Danemark,6119,Valeur US $ par habitant,22008,Produit Intérieur Brut,2018,2018,US$,62043.060218,X,Sources internationales sûres,
MK,Indicateurs macro,72,Djibouti,6110,Valeur US $,22008,Produit Intérieur Brut,2018,2018,millions,2923.362593,X,Sources internationales sûres,
MK,Indicateurs macro,72,Djibouti,6119,Valeur US $ par habitant,22008,Produit Intérieur Brut,2018,2018,US$,3048.589504,X,Sources internationales sûres,
MK,Indicateurs macro,55,Dominique,6110,Valeur US $,22008,Produit Intérieur Brut,2018,2018,millions,550.622222,X,Sources internationales sûres,
MK,Indicateurs macro,55,Dominique,6119,Valeur US $ par habitant,22008,Produit Intérieur Brut,2018,2018,US$,7687.570293,X,Sources internationales sûres,
MK,Indicateurs macro,59,Égypte,6110,Valeur US $,22008,Produit Intérieur Brut,2018,2018,millions,249751.081603,X,Sources internationales sûres,
MK,Indicateurs macro,59,Égypte,6119,Valeur US $ par habitant,22008,Produit Intérieur Brut,2018,2018,US$,2537.512209,X,Sources internationales sûres,
MK,Indicateurs macro,60,El Salvador,6110,Valeur US $,22008,Produit Intérieur Brut,2018,2018,millions,26117.4,X,Sources internationales sûres,
MK,Indicateurs macro,60,El Salvador,6119,Valeur US $ par habitant,22008,Produit Intérieur Brut,2018,2018,US$,4067.658182,X,Sources internationales sûres,
MK,Indicateurs macro,225,Émirats arabes unis,6110,Valeur US $,22008,Produit Intérieur Brut,2018,2018,millions,422215.043585,X,Sources internationales sûres,
MK,Indicateurs macro,225,Émirats arabes unis,6119,Valeur US $ par habitant,22008,Produit Intérieur Brut,2018,2018,US$,43839.356349,X,Sources internationales sûres,
MK,Indicateurs macro,58,Équateur,6110,Valeur US $,22008,Produit Intérieur Brut,2018,2018,millions,107562.008,X,Sources internationales sûres,
MK,Indicateurs macro,58,Équateur,6119,Valeur US $ par habitant,22008,Produit Intérieur Brut,2018,2018,US$,6295.93503,X,Sources internationales sûres,
MK,Indicateurs macro,178,Érythrée,6110,Valeur US $,22008,Produit Intérieur Brut,2018,2018,millions,2005.658375,X,Sources internationales sûres,
MK,Indicateurs macro,178,Érythrée,6119,Valeur US $ par habitant,22008,Produit Intérieur Brut,2018,2018,US$,580.881171,X,Sources internationales sûres,
MK,Indicateurs macro,203,Espagne,6110,Valeur US $,22008,Produit Intérieur Brut,2018,2018,millions,1422153.839841,X,Sources internationales sûres,
MK,Indicateurs macro,203,Espagne,6119,Valeur US $ par habitant,22008,Produit Intérieur Brut,2018,2018,US$,30457.631012,X,Sources internationales sûres,
MK,Indicateurs macro,63,Estonie,6110,Valeur US $,22008,Produit Intérieur Brut,2018,2018,millions,30631.142227,X,Sources internationales sûres,
MK,Indicateurs macro,63,Estonie,6119,Valeur US $ par habitant,22008,Produit Intérieur Brut,2018,2018,US$,23154.190901,X,Sources internationales sûres,
MK,Indicateurs macro,209,Eswatini,6110,Valeur US $,22008,Produit Intérieur Brut,2018,2018,millions,4718.261946,X,Sources internationales sûres,
MK,Indicateurs macro,209,Eswatini,6119,Valeur US $ par habitant,22008,Produit Intérieur Brut,2018,2018,US$,4152.372473,X,Sources internationales sûres,
MK,Indicateurs macro,231,États-Unis d'Amérique,6110,Valeur US $,22008,Produit Intérieur Brut,2018,2018,millions,20611861,X,Sources internationales sûres,
MK,Indicateurs macro,231,États-Unis d'Amérique,6119,Valeur US $ par habitant,22008,Produit Intérieur Brut,2018,2018,US$,63014.663283,X,Sources internationales sûres,
MK,Indicateurs macro,238,Éthiopie,6110,Valeur US $,22008,Produit Intérieur Brut,2018,2018,millions,80210.345962,X,Sources internationales sûres,
MK,Indicateurs macro,238,Éthiopie,6119,Valeur US $ par habitant,22008,Produit Intérieur Brut,2018,2018,US$,734.362795,X,Sources internationales sûres,
MK,Indicateurs macro,185,Fédération de Russie,6110,Valeur US $,22008,Produit Intérieur Brut,2018,2018,millions,1668456.273881,X,Sources internationales sûres,
MK,Indicateurs macro,185,Fédération de Russie,6119,Valeur US $ par habitant,22008,Produit Intérieur Brut,2018,2018,US$,11448.638196,X,Sources internationales sûres,
MK,Indicateurs macro,66,Fidji,6110,Valeur US $,22008,Produit Intérieur Brut,2018,2018,millions,5536.797884,X,Sources internationales sûres,
MK,Indicateurs macro,66,Fidji,6119,Valeur US $ par habitant,22008,Produit Intérieur Brut,2018,2018,US$,6267.011232,X,Sources internationales sûres,
MK,Indicateurs macro,67,Finlande,6110,Valeur US $,22008,Produit Intérieur Brut,2018,2018,millions,275946.554579,X,Sources internationales sûres,
MK,Indicateurs macro,67,Finlande,6119,Valeur US $ par habitant,22008,Produit Intérieur Brut,2018,2018,US$,49966.999925,X,Sources internationales sûres,
MK,Indicateurs macro,68,France,6110,Valeur US $,22008,Produit Intérieur Brut,2018,2018,millions,2787863.958885,X,Sources internationales sûres,
MK,Indicateurs macro,68,France,6119,Valeur US $ par habitant,22008,Produit Intérieur Brut,2018,2018,US$,41491.611058,X,Sources internationales sûres,
MK,Indicateurs macro,74,Gabon,6110,Valeur US $,22008,Produit Intérieur Brut,2018,2018,millions,16994.07721,X,Sources internationales sûres,
MK,Indicateurs macro,74,Gabon,6119,Valeur US $ par habitant,22008,Produit Intérieur Brut,2018,2018,US$,8018.81644,X,Sources internationales sûres,
MK,Indicateurs macro,75,Gambie,6110,Valeur US $,22008,Produit Intérieur Brut,2018,2018,millions,1674.911648,X,Sources internationales sûres,
MK,Indicateurs macro,75,Gambie,6119,Valeur US $ par habitant,22008,Produit Intérieur Brut,2018,2018,US$,734.580087,X,Sources internationales sûres,
MK,Indicateurs macro,73,Géorgie,6110,Valeur US $,22008,Produit Intérieur Brut,2018,2018,millions,17599.602272,X,Sources internationales sûres,
MK,Indicateurs macro,73,Géorgie,6119,Valeur US $ par habitant,22008,Produit Intérieur Brut,2018,2018,US$,4396.66682,X,Sources internationales sûres,
MK,Indicateurs macro,81,Ghana,6110,Valeur US $,22008,Produit Intérieur Brut,2018,2018,millions,65534.787301,X,Sources internationales sûres,
MK,Indicateurs macro,81,Ghana,6119,Valeur US $ par habitant,22008,Produit Intérieur Brut,2018,2018,US$,2201.584397,X,Sources internationales sûres,
MK,Indicateurs macro,84,Grèce,6110,Valeur US $,22008,Produit Intérieur Brut,2018,2018,millions,212249.766651,X,Sources internationales sûres,
MK,Indicateurs macro,84,Grèce,6119,Valeur US $ par habitant,22008,Produit Intérieur Brut,2018,2018,US$,20171.526749,X,Sources internationales sûres,
MK,Indicateurs macro,86,Grenade,6110,Valeur US $,22008,Produit Intérieur Brut,2018,2018,millions,1168.696172,X,Sources internationales sûres,
MK,Indicateurs macro,86,Grenade,6119,Valeur US $ par habitant,22008,Produit Intérieur Brut,2018,2018,US$,10485.906044,X,Sources internationales sûres,
MK,Indicateurs macro,85,Groenland,6110,Valeur US $,22008,Produit Intérieur Brut,2018,2018,millions,3051.617311,X,Sources internationales sûres,
MK,Indicateurs macro,85,Groenland,6119,Valeur US $ par habitant,22008,Produit Intérieur Brut,2018,2018,US$,53949.814559,X,Sources internationales sûres,
MK,Indicateurs macro,89,Guatemala,6110,Valeur US $,22008,Produit Intérieur Brut,2018,2018,millions,73118.492292,X,Sources internationales sûres,
MK,Indicateurs macro,89,Guatemala,6119,Valeur US $ par habitant,22008,Produit Intérieur Brut,2018,2018,US$,4239.281796,X,Sources internationales sûres,
MK,Indicateurs macro,90,Guinée,6110,Valeur US $,22008,Produit Intérieur Brut,2018,2018,millions,10907.21502,X,Sources internationales sûres,
MK,Indicateurs macro,90,Guinée,6119,Valeur US $ par habitant,22008,Produit Intérieur Brut,2018,2018,US$,878.601385,X,Sources internationales sûres,
MK,Indicateurs macro,61,Guinée équatoriale,6110,Valeur US $,22008,Produit Intérieur Brut,2018,2018,millions,13278.489562,X,Sources internationales sûres,
MK,Indicateurs macro,61,Guinée équatoriale,6119,Valeur US $ par habitant,22008,Produit Intérieur Brut,2018,2018,US$,10144.188821,X,Sources internationales sûres,
MK,Indicateurs macro,175,Guinée-Bissau,6110,Valeur US $,22008,Produit Intérieur Brut,2018,2018,millions,1382.453563,X,Sources internationales sûres,
MK,Indicateurs macro,175,Guinée-Bissau,6119,Valeur US $ par habitant,22008,Produit Intérieur Brut,2018,2018,US$,737.582751,X,Sources internationales sûres,
MK,Indicateurs macro,91,Guyana,6110,Valeur US $,22008,Produit Intérieur Brut,2018,2018,millions,4787.637006,X,Sources internationales sûres,
MK,Indicateurs macro,91,Guyana,6119,Valeur US $ par habitant,22008,Produit Intérieur Brut,2018,2018,US$,6145.828152,X,Sources internationales sûres,
MK,Indicateurs macro,93,Haïti,6110,Valeur US $,22008,Produit Intérieur Brut,2018,2018,millions,9287.266064,X,Sources internationales sûres,
MK,Indicateurs macro,93,Haïti,6119,Valeur US $ par habitant,22008,Produit Intérieur Brut,2018,2018,US$,834.947176,X,Sources internationales sûres,
MK,Indicateurs macro,95,Honduras,6110,Valeur US $,22008,Produit Intérieur Brut,2018,2018,millions,24024.1613,X,Sources internationales sûres,
MK,Indicateurs macro,95,Honduras,6119,Valeur US $ par habitant,22008,Produit Intérieur Brut,2018,2018,US$,2505.773786,X,Sources internationales sûres,
MK,Indicateurs macro,97,Hongrie,6110,Valeur US $,22008,Produit Intérieur Brut,2018,2018,millions,160418.835851,X,Sources internationales sûres,
MK,Indicateurs macro,97,Hongrie,6119,Valeur US $ par habitant,22008,Produit Intérieur Brut,2018,2018,US$,16525.248764,X,Sources internationales sûres,
MK,Indicateurs macro,36,Îles Caïmanes,6110,Valeur US $,22008,Produit Intérieur Brut,2018,2018,millions,5517.162709,X,Sources internationales sûres,
MK,Indicateurs macro,36,Îles Caïmanes,6119,Valeur US $ par habitant,22008,Produit Intérieur Brut,2018,2018,US$,85971.931135,X,Sources internationales sûres,
MK,Indicateurs macro,47,Îles Cook,6110,Valeur US $,22008,Produit Intérieur Brut,2018,2018,millions,362.713891,X,Sources internationales sûres,
MK,Indicateurs macro,47,Îles Cook,6119,Valeur US $ par habitant,22008,Produit Intérieur Brut,2018,2018,US$,20705.211245,X,Sources internationales sûres,
MK,Indicateurs macro,127,Îles Marshall,6110,Valeur US $,22008,Produit Intérieur Brut,2018,2018,millions,221.277954,X,Sources internationales sûres,
MK,Indicateurs macro,127,Îles Marshall,6119,Valeur US $ par habitant,22008,Produit Intérieur Brut,2018,2018,US$,3788.162806,X,Sources internationales sûres,
MK,Indicateurs macro,25,Îles Salomon,6110,Valeur US $,22008,Produit Intérieur Brut,2018,2018,millions,1306.055455,X,Sources internationales sûres,
MK,Indicateurs macro,25,Îles Salomon,6119,Valeur US $ par habitant,22008,Produit Intérieur Brut,2018,2018,US$,2000.523017,X,Sources internationales sûres,
MK,Indicateurs macro,224,Îles Turques-et-Caïques,6110,Valeur US $,22008,Produit Intérieur Brut,2018,2018,millions,1113.18,X,Sources internationales sûres,
MK,Indicateurs macro,224,Îles Turques-et-Caïques,6119,Valeur US $ par habitant,22008,Produit Intérieur Brut,2018,2018,US$,29554.75906,X,Sources internationales sûres,
MK,Indicateurs macro,239,Îles Vierges britanniques,6110,Valeur US $,22008,Produit Intérieur Brut,2018,2018,millions,1248.645201,X,Sources internationales sûres,
MK,Indicateurs macro,239,Îles Vierges britanniques,6119,Valeur US $ par habitant,22008,Produit Intérieur Brut,2018,2018,US$,41898.033723,X,Sources internationales sûres,
MK,Indicateurs macro,100,Inde,6110,Valeur US $,22008,Produit Intérieur Brut,2018,2018,millions,2773660.242718,X,Sources internationales sûres,
MK,Indicateurs macro,100,Inde,6119,Valeur US $ par habitant,22008,Produit Intérieur Brut,2018,2018,US$,2050.549716,X,Sources internationales sûres,
MK,Indicateurs macro,101,Indonésie,6110,Valeur US $,22008,Produit Intérieur Brut,2018,2018,millions,1042240.311355,X,Sources internationales sûres,
MK,Indicateurs macro,101,Indonésie,6119,Valeur US $ par habitant,22008,Produit Intérieur Brut,2018,2018,US$,3893.743031,X,Sources internationales sûres,
MK,Indicateurs macro,102,Iran (République islamique d'),6110,Valeur US $,22008,Produit Intérieur Brut,2018,2018,millions,461940.309794,X,Sources internationales sûres,
MK,Indicateurs macro,102,Iran (République islamique d'),6119,Valeur US $ par habitant,22008,Produit Intérieur Brut,2018,2018,US$,5647.179072,X,Sources internationales sûres,
MK,Indicateurs macro,103,Iraq,6110,Valeur US $,22008,Produit Intérieur Brut,2018,2018,millions,215489.481801,X,Sources internationales sûres,
MK,Indicateurs macro,103,Iraq,6119,Valeur US $ par habitant,22008,Produit Intérieur Brut,2018,2018,US$,5606.799306,X,Sources internationales sûres,
MK,Indicateurs macro,104,Irlande,6110,Valeur US $,22008,Produit Intérieur Brut,2018,2018,millions,386155.6622,X,Sources internationales sûres,
MK,Indicateurs macro,104,Irlande,6119,Valeur US $ par habitant,22008,Produit Intérieur Brut,2018,2018,US$,80137.062604,X,Sources internationales sûres,
MK,Indicateurs macro,99,Islande,6110,Valeur US $,22008,Produit Intérieur Brut,2018,2018,millions,25737.594324,X,Sources internationales sûres,
MK,Indicateurs macro,99,Islande,6119,Valeur US $ par habitant,22008,Produit Intérieur Brut,2018,2018,US$,76437.780317,X,Sources internationales sûres,
MK,Indicateurs macro,105,Israël,6110,Valeur US $,22008,Produit Intérieur Brut,2018,2018,millions,370587.978546,X,Sources internationales sûres,
MK,Indicateurs macro,105,Israël,6119,Valeur US $ par habitant,22008,Produit Intérieur Brut,2018,2018,US$,44214.910351,X,Sources internationales sûres,
MK,Indicateurs macro,106,Italie,6110,Valeur US $,22008,Produit Intérieur Brut,2018,2018,millions,2091544.955092,X,Sources internationales sûres,
MK,Indicateurs macro,106,Italie,6119,Valeur US $ par habitant,22008,Produit Intérieur Brut,2018,2018,US$,34498.406915,X,Sources internationales sûres,
MK,Indicateurs macro,109,Jamaïque,6110,Valeur US $,22008,Produit Intérieur Brut,2018,2018,millions,15730.791526,X,Sources internationales sûres,
MK,Indicateurs macro,109,Jamaïque,6119,Valeur US $ par habitant,22008,Produit Intérieur Brut,2018,2018,US$,5360.003954,X,Sources internationales sûres,
MK,Indicateurs macro,110,Japon,6110,Valeur US $,22008,Produit Intérieur Brut,2018,2018,millions,4954806.619995,X,Sources internationales sûres,
MK,Indicateurs macro,110,Japon,6119,Valeur US $ par habitant,22008,Produit Intérieur Brut,2018,2018,US$,38952.210981,X,Sources internationales sûres,
MK,Indicateurs macro,112,Jordanie,6110,Valeur US $,22008,Produit Intérieur Brut,2018,2018,millions,42932.394366,X,Sources internationales sûres,
MK,Indicateurs macro,112,Jordanie,6119,Valeur US $ par habitant,22008,Produit Intérieur Brut,2018,2018,US$,4308.18107,X,Sources internationales sûres,
MK,Indicateurs macro,108,Kazakhstan,6110,Valeur US $,22008,Produit Intérieur Brut,2018,2018,millions,179339.977517,X,Sources internationales sûres,
MK,Indicateurs macro,108,Kazakhstan,6119,Valeur US $ par habitant,22008,Produit Intérieur Brut,2018,2018,US$,9789.504209,X,Sources internationales sûres,
MK,Indicateurs macro,114,Kenya,6110,Valeur US $,22008,Produit Intérieur Brut,2018,2018,millions,87778.605904,X,Sources internationales sûres,
MK,Indicateurs macro,114,Kenya,6119,Valeur US $ par habitant,22008,Produit Intérieur Brut,2018,2018,US$,1708.002041,X,Sources internationales sûres,
MK,Indicateurs macro,113,Kirghizistan,6110,Valeur US $,22008,Produit Intérieur Brut,2018,2018,millions,8271.106196,X,Sources internationales sûres,
MK,Indicateurs macro,113,Kirghizistan,6119,Valeur US $ par habitant,22008,Produit Intérieur Brut,2018,2018,US$,1312.034714,X,Sources internationales sûres,
MK,Indicateurs macro,83,Kiribati,6110,Valeur US $,22008,Produit Intérieur Brut,2018,2018,millions,196.736309,X,Sources internationales sûres,
MK,Indicateurs macro,83,Kiribati,6119,Valeur US $ par habitant,22008,Produit Intérieur Brut,2018,2018,US$,1698.242583,X,Sources internationales sûres,
MK,Indicateurs macro,118,Koweït,6110,Valeur US $,22008,Produit Intérieur Brut,2018,2018,millions,140665.475881,X,Sources internationales sûres,
MK,Indicateurs macro,118,Koweït,6119,Valeur US $ par habitant,22008,Produit Intérieur Brut,2018,2018,US$,33999.242958,X,Sources internationales sûres,
MK,Indicateurs macro,122,Lesotho,6110,Valeur US $,22008,Produit Intérieur Brut,2018,2018,millions,2574.528313,X,Sources internationales sûres,
MK,Indicateurs macro,122,Lesotho,6119,Valeur US $ par habitant,22008,Produit Intérieur Brut,2018,2018,US$,1221.123238,X,Sources internationales sûres,
MK,Indicateurs macro,119,Lettonie,6110,Valeur US $,22008,Produit Intérieur Brut,2018,2018,millions,34416.012859,X,Sources internationales sûres,
MK,Indicateurs macro,119,Lettonie,6119,Valeur US $ par habitant,22008,Produit Intérieur Brut,2018,2018,US$,17846.380379,X,Sources internationales sûres,
MK,Indicateurs macro,121,Liban,6110,Valeur US $,22008,Produit Intérieur Brut,2018,2018,millions,54961.275742,X,Sources internationales sûres,
MK,Indicateurs macro,121,Liban,6119,Valeur US $ par habitant,22008,Produit Intérieur Brut,2018,2018,US$,8012.539237,X,Sources internationales sûres,
MK,Indicateurs macro,123,Libéria,6110,Valeur US $,22008,Produit Intérieur Brut,2018,2018,millions,2744.956787,X,Sources internationales sûres,
MK,Indicateurs macro,123,Libéria,6119,Valeur US $ par habitant,22008,Produit Intérieur Brut,2018,2018,US$,569.614477,X,Sources internationales sûres,
MK,Indicateurs macro,124,Libye,6110,Valeur US $,22008,Produit Intérieur Brut,2018,2018,millions,34736.507,X,Sources internationales sûres,
MK,Indicateurs macro,124,Libye,6119,Valeur US $ par habitant,22008,Produit Intérieur Brut,2018,2018,US$,5201.197893,X,Sources internationales sûres,
MK,Indicateurs macro,125,Liechtenstein,6110,Valeur US $,22008,Produit Intérieur Brut,2018,2018,millions,6839.261671,X,Sources internationales sûres,
MK,Indicateurs macro,125,Liechtenstein,6119,Valeur US $ par habitant,22008,Produit Intérieur Brut,2018,2018,US$,180407.852034,X,Sources internationales sûres,
MK,Indicateurs macro,126,Lituanie,6110,Valeur US $,22008,Produit Intérieur Brut,2018,2018,millions,53722.883091,X,Sources internationales sûres,
MK,Indicateurs macro,126,Lituanie,6119,Valeur US $ par habitant,22008,Produit Intérieur Brut,2018,2018,US$,19178.086425,X,Sources internationales sûres,
MK,Indicateurs macro,256,Luxembourg,6110,Valeur US $,22008,Produit Intérieur Brut,2018,2018,millions,70919.958016,X,Sources internationales sûres,
MK,Indicateurs macro,256,Luxembourg,6119,Valeur US $ par habitant,22008,Produit Intérieur Brut,2018,2018,US$,117369.540527,X,Sources internationales sûres,
MK,Indicateurs macro,154,Macédoine du Nord,6110,Valeur US $,22008,Produit Intérieur Brut,2018,2018,millions,12628.852781,X,Sources internationales sûres,
MK,Indicateurs macro,154,Macédoine du Nord,6119,Valeur US $ par habitant,22008,Produit Intérieur Brut,2018,2018,US$,6062.944545,X,Sources internationales sûres,
MK,Indicateurs macro,129,Madagascar,6110,Valeur US $,22008,Produit Intérieur Brut,2018,2018,millions,13760.033283,X,Sources internationales sûres,
MK,Indicateurs macro,129,Madagascar,6119,Valeur US $ par habitant,22008,Produit Intérieur Brut,2018,2018,US$,523.945979,X,Sources internationales sûres,
MK,Indicateurs macro,131,Malaisie,6110,Valeur US $,22008,Produit Intérieur Brut,2018,2018,millions,358712.346525,X,Sources internationales sûres,
MK,Indicateurs macro,131,Malaisie,6119,Valeur US $ par habitant,22008,Produit Intérieur Brut,2018,2018,US$,11377.568227,X,Sources internationales sûres,
MK,Indicateurs macro,130,Malawi,6110,Valeur US $,22008,Produit Intérieur Brut,2018,2018,millions,7180.430964,X,Sources internationales sûres,
MK,Indicateurs macro,130,Malawi,6119,Valeur US $ par habitant,22008,Produit Intérieur Brut,2018,2018,US$,395.763936,X,Sources internationales sûres,
MK,Indicateurs macro,132,Maldives,6110,Valeur US $,22008,Produit Intérieur Brut,2018,2018,millions,5300.946178,X,Sources internationales sûres,
MK,Indicateurs macro,132,Maldives,6119,Valeur US $ par habitant,22008,Produit Intérieur Brut,2018,2018,US$,10279.207475,X,Sources internationales sûres,
MK,Indicateurs macro,133,Mali,6110,Valeur US $,22008,Produit Intérieur Brut,2018,2018,millions,17070.867578,X,Sources internationales sûres,
MK,Indicateurs macro,133,Mali,6119,Valeur US $ par habitant,22008,Produit Intérieur Brut,2018,2018,US$,894.805125,X,Sources internationales sûres,
MK,Indicateurs macro,134,Malte,6110,Valeur US $,22008,Produit Intérieur Brut,2018,2018,millions,14647.142594,X,Sources internationales sûres,
MK,Indicateurs macro,134,Malte,6119,Valeur US $ par habitant,22008,Produit Intérieur Brut,2018,2018,US$,33345.951704,X,Sources internationales sûres,
MK,Indicateurs macro,143,Maroc,6110,Valeur US $,22008,Produit Intérieur Brut,2018,2018,millions,118096.19694,X,Sources internationales sûres,
MK,Indicateurs macro,143,Maroc,6119,Valeur US $ par habitant,22008,Produit Intérieur Brut,2018,2018,US$,3277.800997,X,Sources internationales sûres,
MK,Indicateurs macro,137,Maurice,6110,Valeur US $,22008,Produit Intérieur Brut,2018,2018,millions,14181.78282,X,Sources internationales sûres,
MK,Indicateurs macro,137,Maurice,6119,Valeur US $ par habitant,22008,Produit Intérieur Brut,2018,2018,US$,11191.564625,X,Sources internationales sûres,
MK,Indicateurs macro,136,Mauritanie,6110,Valeur US $,22008,Produit Intérieur Brut,2018,2018,millions,7049.169772,X,Sources internationales sûres,
MK,Indicateurs macro,136,Mauritanie,6119,Valeur US $ par habitant,22008,Produit Intérieur Brut,2018,2018,US$,1600.87865,X,Sources internationales sûres,
MK,Indicateurs macro,138,Mexique,6110,Valeur US $,22008,Produit Intérieur Brut,2018,2018,millions,1220696.837746,X,Sources internationales sûres,
MK,Indicateurs macro,138,Mexique,6119,Valeur US $ par habitant,22008,Produit Intérieur Brut,2018,2018,US$,9673.422736,X,Sources internationales sûres,
MK,Indicateurs macro,145,Micronésie (États fédérés de),6110,Valeur US $,22008,Produit Intérieur Brut,2018,2018,millions,401.9,X,Sources internationales sûres,
MK,Indicateurs macro,145,Micronésie (États fédérés de),6119,Valeur US $ par habitant,22008,Produit Intérieur Brut,2018,2018,US$,3568.004261,X,Sources internationales sûres,
MK,Indicateurs macro,140,Monaco,6110,Valeur US $,22008,Produit Intérieur Brut,2018,2018,millions,7194.256778,X,Sources internationales sûres,
MK,Indicateurs macro,140,Monaco,6119,Valeur US $ par habitant,22008,Produit Intérieur Brut,2018,2018,US$,185984.612437,X,Sources internationales sûres,
MK,Indicateurs macro,141,Mongolie,6110,Valeur US $,22008,Produit Intérieur Brut,2018,2018,millions,13108.769739,X,Sources internationales sûres,
MK,Indicateurs macro,141,Mongolie,6119,Valeur US $ par habitant,22008,Produit Intérieur Brut,2018,2018,US$,4134.97684,X,Sources internationales sûres,
MK,Indicateurs macro,273,Monténégro,6110,Valeur US $,22008,Produit Intérieur Brut,2018,2018,millions,5506.908975,X,Sources internationales sûres,
MK,Indicateurs macro,273,Monténégro,6119,Valeur US $ par habitant,22008,Produit Intérieur Brut,2018,2018,US$,8771.63114,X,Sources internationales sûres,
MK,Indicateurs macro,142,Montserrat,6110,Valeur US $,22008,Produit Intérieur Brut,2018,2018,millions,62.092593,X,Sources internationales sûres,
MK,Indicateurs macro,142,Montserrat,6119,Valeur US $ par habitant,22008,Produit Intérieur Brut,2018,2018,US$,12435.928819,X,Sources internationales sûres,
MK,Indicateurs macro,144,Mozambique,6110,Valeur US $,22008,Produit Intérieur Brut,2018,2018,millions,14845.400592,X,Sources internationales sûres,
MK,Indicateurs macro,144,Mozambique,6119,Valeur US $ par habitant,22008,Produit Intérieur Brut,2018,2018,US$,503.302094,X,Sources internationales sûres,
MK,Indicateurs macro,28,Myanmar,6110,Valeur US $,22008,Produit Intérieur Brut,2018,2018,millions,73617.228765,X,Sources internationales sûres,
MK,Indicateurs macro,28,Myanmar,6119,Valeur US $ par habitant,22008,Produit Intérieur Brut,2018,2018,US$,1370.685748,X,Sources internationales sûres,
MK,Indicateurs macro,147,Namibie,6110,Valeur US $,22008,Produit Intérieur Brut,2018,2018,millions,13454.168983,X,Sources internationales sûres,
MK,Indicateurs macro,147,Namibie,6119,Valeur US $ par habitant,22008,Produit Intérieur Brut,2018,2018,US$,5495.308372,X,Sources internationales sûres,
MK,Indicateurs macro,148,Nauru,6110,Valeur US $,22008,Produit Intérieur Brut,2018,2018,millions,138.20362,X,Sources internationales sûres,
MK,Indicateurs macro,148,Nauru,6119,Valeur US $ par habitant,22008,Produit Intérieur Brut,2018,2018,US$,12952.541727,X,Sources internationales sûres,
MK,Indicateurs macro,149,Népal,6110,Valeur US $,22008,Produit Intérieur Brut,2018,2018,millions,27957.960194,X,Sources internationales sûres,
MK,Indicateurs macro,149,Népal,6119,Valeur US $ par habitant,22008,Produit Intérieur Brut,2018,2018,US$,995.096981,X,Sources internationales sûres,
MK,Indicateurs macro,157,Nicaragua,6110,Valeur US $,22008,Produit Intérieur Brut,2018,2018,millions,13063.86806,X,Sources internationales sûres,
MK,Indicateurs macro,157,Nicaragua,6119,Valeur US $ par habitant,22008,Produit Intérieur Brut,2018,2018,US$,2020.550002,X,Sources internationales sûres,
MK,Indicateurs macro,158,Niger,6110,Valeur US $,22008,Produit Intérieur Brut,2018,2018,millions,12820.995119,X,Sources internationales sûres,
MK,Indicateurs macro,158,Niger,6119,Valeur US $ par habitant,22008,Produit Intérieur Brut,2018,2018,US$,571.273752,X,Sources internationales sûres,
MK,Indicateurs macro,159,Nigéria,6110,Valeur US $,22008,Produit Intérieur Brut,2018,2018,millions,421821.319413,X,Sources internationales sûres,
MK,Indicateurs macro,159,Nigéria,6119,Valeur US $ par habitant,22008,Produit Intérieur Brut,2018,2018,US$,2153.526494,X,Sources internationales sûres,
MK,Indicateurs macro,162,Norvège,6110,Valeur US $,22008,Produit Intérieur Brut,2018,2018,millions,434166.615432,X,Sources internationales sûres,
MK,Indicateurs macro,162,Norvège,6119,Valeur US $ par habitant,22008,Produit Intérieur Brut,2018,2018,US$,81335.651215,X,Sources internationales sûres,
MK,Indicateurs macro,153,Nouvelle-Calédonie,6110,Valeur US $,22008,Produit Intérieur Brut,2018,2018,millions,10173.50156,X,Sources internationales sûres,
MK,Indicateurs macro,153,Nouvelle-Calédonie,6119,Valeur US $ par habitant,22008,Produit Intérieur Brut,2018,2018,US$,36334.842513,X,Sources internationales sûres,
MK,Indicateurs macro,156,Nouvelle-Zélande,6110,Valeur US $,22008,Produit Intérieur Brut,2018,2018,millions,207920.613962,X,Sources internationales sûres,
MK,Indicateurs macro,156,Nouvelle-Zélande,6119,Valeur US $ par habitant,22008,Produit Intérieur Brut,2018,2018,US$,43836.152525,X,Sources internationales sûres,
MK,Indicateurs macro,221,Oman,6110,Valeur US $,22008,Produit Intérieur Brut,2018,2018,millions,79788.76897,X,Sources internationales sûres,
MK,Indicateurs macro,221,Oman,6119,Valeur US $ par habitant,22008,Produit Intérieur Brut,2018,2018,US$,16521.216491,X,Sources internationales sûres,
MK,Indicateurs macro,226,Ouganda,6110,Valeur US $,22008,Produit Intérieur Brut,2018,2018,millions,29687.999494,X,Sources internationales sûres,
MK,Indicateurs macro,226,Ouganda,6119,Valeur US $ par habitant,22008,Produit Intérieur Brut,2018,2018,US$,694.796847,X,Sources internationales sûres,
MK,Indicateurs macro,235,Ouzbékistan,6110,Valeur US $,22008,Produit Intérieur Brut,2018,2018,millions,50392.612846,X,Sources internationales sûres,
MK,Indicateurs macro,235,Ouzbékistan,6119,Valeur US $ par habitant,22008,Produit Intérieur Brut,2018,2018,US$,1551.676137,X,Sources internationales sûres,
MK,Indicateurs macro,165,Pakistan,6110,Valeur US $,22008,Produit Intérieur Brut,2018,2018,millions,284168.611463,X,Sources internationales sûres,
MK,Indicateurs macro,165,Pakistan,6119,Valeur US $ par habitant,22008,Produit Intérieur Brut,2018,2018,US$,1338.976141,X,Sources internationales sûres,
MK,Indicateurs macro,180,Palaos,6110,Valeur US $,22008,Produit Intérieur Brut,2018,2018,millions,285.331219,X,Sources internationales sûres,
MK,Indicateurs macro,180,Palaos,6119,Valeur US $ par habitant,22008,Produit Intérieur Brut,2018,2018,US$,15934.060367,X,Sources internationales sûres,
MK,Indicateurs macro,299,Palestine,6110,Valeur US $,22008,Produit Intérieur Brut,2018,2018,millions,16276.6,X,Sources internationales sûres,
MK,Indicateurs macro,299,Palestine,6119,Valeur US $ par habitant,22008,Produit Intérieur Brut,2018,2018,US$,3347.043037,X,Sources internationales sûres,
MK,Indicateurs macro,166,Panama,6110,Valeur US $,22008,Produit Intérieur Brut,2018,2018,millions,64928.273258,X,Sources internationales sûres,
MK,Indicateurs macro,166,Panama,6119,Valeur US $ par habitant,22008,Produit Intérieur Brut,2018,2018,US$,15544.723394,X,Sources internationales sûres,
MK,Indicateurs macro,168,Papouasie-Nouvelle-Guinée,6110,Valeur US $,22008,Produit Intérieur Brut,2018,2018,millions,24215.853486,X,Sources internationales sûres,
MK,Indicateurs macro,168,Papouasie-Nouvelle-Guinée,6119,Valeur US $ par habitant,22008,Produit Intérieur Brut,2018,2018,US$,2813.728172,X,Sources internationales sûres,
MK,Indicateurs macro,169,Paraguay,6110,Valeur US $,22008,Produit Intérieur Brut,2018,2018,millions,40384.692102,X,Sources internationales sûres,
MK,Indicateurs macro,169,Paraguay,6119,Valeur US $ par habitant,22008,Produit Intérieur Brut,2018,2018,US$,5805.679834,X,Sources internationales sûres,
MK,Indicateurs macro,150,Pays-Bas,6110,Valeur US $,22008,Produit Intérieur Brut,2018,2018,millions,914043.43818,X,Sources internationales sûres,
MK,Indicateurs macro,150,Pays-Bas,6119,Valeur US $ par habitant,22008,Produit Intérieur Brut,2018,2018,US$,53579.543563,X,Sources internationales sûres,
MK,Indicateurs macro,170,Pérou,6110,Valeur US $,22008,Produit Intérieur Brut,2018,2018,millions,222044.788205,X,Sources internationales sûres,
MK,Indicateurs macro,170,Pérou,6119,Valeur US $ par habitant,22008,Produit Intérieur Brut,2018,2018,US$,6941.229281,X,Sources internationales sûres,
MK,Indicateurs macro,171,Philippines,6110,Valeur US $,22008,Produit Intérieur Brut,2018,2018,millions,330910.155388,X,Sources internationales sûres,
MK,Indicateurs macro,171,Philippines,6119,Valeur US $ par habitant,22008,Produit Intérieur Brut,2018,2018,US$,3102.726959,X,Sources internationales sûres,
MK,Indicateurs macro,173,Pologne,6110,Valeur US $,22008,Produit Intérieur Brut,2018,2018,millions,587409.034485,X,Sources internationales sûres,
MK,Indicateurs macro,173,Pologne,6119,Valeur US $ par habitant,22008,Produit Intérieur Brut,2018,2018,US$,15490.094258,X,Sources internationales sûres,
MK,Indicateurs macro,70,Polynésie française,6110,Valeur US $,22008,Produit Intérieur Brut,2018,2018,millions,6175.0999,X,Sources internationales sûres,
MK,Indicateurs macro,70,Polynésie française,6119,Valeur US $ par habitant,22008,Produit Intérieur Brut,2018,2018,US$,22238.267569,X,Sources internationales sûres,
MK,Indicateurs macro,177,Porto Rico,6110,Valeur US $,22008,Produit Intérieur Brut,2018,2018,millions,100978.908,X,Sources internationales sûres,
MK,Indicateurs macro,177,Porto Rico,6119,Valeur US $ par habitant,22008,Produit Intérieur Brut,2018,2018,US$,33221.16097,X,Sources internationales sûres,
MK,Indicateurs macro,174,Portugal,6110,Valeur US $,22008,Produit Intérieur Brut,2018,2018,millions,242313.116578,X,Sources internationales sûres,
MK,Indicateurs macro,174,Portugal,6119,Valeur US $ par habitant,22008,Produit Intérieur Brut,2018,2018,US$,23626.029325,X,Sources internationales sûres,
MK,Indicateurs macro,179,Qatar,6110,Valeur US $,22008,Produit Intérieur Brut,2018,2018,millions,191362.087912,X,Sources internationales sûres,
MK,Indicateurs macro,179,Qatar,6119,Valeur US $ par habitant,22008,Produit Intérieur Brut,2018,2018,US$,68793.660782,X,Sources internationales sûres,
MK,Indicateurs macro,212,République arabe syrienne,6110,Valeur US $,22008,Produit Intérieur Brut,2018,2018,millions,16361.274329,X,Sources internationales sûres,
MK,Indicateurs macro,212,République arabe syrienne,6119,Valeur US $ par habitant,22008,Produit Intérieur Brut,2018,2018,US$,965.548498,X,Sources internationales sûres,
MK,Indicateurs macro,37,République centrafricaine,6110,Valeur US $,22008,Produit Intérieur Brut,2018,2018,millions,2220.978586,X,Sources internationales sûres,
MK,Indicateurs macro,37,République centrafricaine,6119,Valeur US $ par habitant,22008,Produit Intérieur Brut,2018,2018,US$,475.954444,X,Sources internationales sûres,
MK,Indicateurs macro,117,République de Corée,6110,Valeur US $,22008,Produit Intérieur Brut,2018,2018,millions,1724755.498918,X,Sources internationales sûres,
MK,Indicateurs macro,117,République de Corée,6119,Valeur US $ par habitant,22008,Produit Intérieur Brut,2018,2018,US$,33705.256943,X,Sources internationales sûres,
MK,Indicateurs macro,146,République de Moldova,6110,Valeur US $,22008,Produit Intérieur Brut,2018,2018,millions,11457.443169,X,Sources internationales sûres,
MK,Indicateurs macro,146,République de Moldova,6119,Valeur US $ par habitant,22008,Produit Intérieur Brut,2018,2018,US$,2827.641046,X,Sources internationales sûres,
MK,Indicateurs macro,250,République démocratique du Congo,6110,Valeur US $,22008,Produit Intérieur Brut,2018,2018,millions,47146.003693,X,Sources internationales sûres,
MK,Indicateurs macro,250,République démocratique du Congo,6119,Valeur US $ par habitant,22008,Produit Intérieur Brut,2018,2018,US$,560.807354,X,Sources internationales sûres,
MK,Indicateurs macro,120,République démocratique populaire lao,6110,Valeur US $,22008,Produit Intérieur Brut,2018,2018,millions,18141.664419,X,Sources internationales sûres,
MK,Indicateurs macro,120,République démocratique populaire lao,6119,Valeur US $ par habitant,22008,Produit Intérieur Brut,2018,2018,US$,2569.092464,X,Sources internationales sûres,
MK,Indicateurs macro,56,République dominicaine,6110,Valeur US $,22008,Produit Intérieur Brut,2018,2018,millions,85555.390387,X,Sources internationales sûres,
MK,Indicateurs macro,56,République dominicaine,6119,Valeur US $ par habitant,22008,Produit Intérieur Brut,2018,2018,US$,8050.649783,X,Sources internationales sûres,
MK,Indicateurs macro,116,République populaire démocratique de Corée,6110,Valeur US $,22008,Produit Intérieur Brut,2018,2018,millions,17487.261057,X,Sources internationales sûres,
MK,Indicateurs macro,116,République populaire démocratique de Corée,6119,Valeur US $ par habitant,22008,Produit Intérieur Brut,2018,2018,US$,687.943178,X,Sources internationales sûres,
MK,Indicateurs macro,215,République-Unie de Tanzanie,6110,Valeur US $,22008,Produit Intérieur Brut,2018,2018,millions,58624.289527,X,Sources internationales sûres,
MK,Indicateurs macro,215,République-Unie de Tanzanie,6119,Valeur US $ par habitant,22008,Produit Intérieur Brut,2018,2018,US$,1041.035526,X,Sources internationales sûres,
MK,Indicateurs macro,183,Roumanie,6110,Valeur US $,22008,Produit Intérieur Brut,2018,2018,millions,241625.93183,X,Sources internationales sûres,
MK,Indicateurs macro,183,Roumanie,6119,Valeur US $ par habitant,22008,Produit Intérieur Brut,2018,2018,US$,12387.189567,X,Sources internationales sûres,
MK,Indicateurs macro,229,Royaume-Uni de Grande-Bretagne et d'Irlande du Nord,6110,Valeur US $,22008,Produit Intérieur Brut,2018,2018,millions,2857316.524863,X,Sources internationales sûres,
MK,Indicateurs macro,229,Royaume-Uni de Grande-Bretagne et d'Irlande du Nord,6119,Valeur US $ par habitant,22008,Produit Intérieur Brut,2018,2018,US$,42556.521592,X,Sources internationales sûres,
MK,Indicateurs macro,184,Rwanda,6110,Valeur US $,22008,Produit Intérieur Brut,2018,2018,millions,9636.585163,X,Sources internationales sûres,
MK,Indicateurs macro,184,Rwanda,6119,Valeur US $ par habitant,22008,Produit Intérieur Brut,2018,2018,US$,783.336747,X,Sources internationales sûres,
MK,Indicateurs macro,189,Sainte-Lucie,6110,Valeur US $,22008,Produit Intérieur Brut,2018,2018,millions,2065.874074,X,Sources internationales sûres,
MK,Indicateurs macro,189,Sainte-Lucie,6119,Valeur US $ par habitant,22008,Produit Intérieur Brut,2018,2018,US$,11357.883512,X,Sources internationales sûres,
MK,Indicateurs macro,188,Saint-Kitts-et-Nevis,6110,Valeur US $,22008,Produit Intérieur Brut,2018,2018,millions,1010.822222,X,Sources internationales sûres,
MK,Indicateurs macro,188,Saint-Kitts-et-Nevis,6119,Valeur US $ par habitant,22008,Produit Intérieur Brut,2018,2018,US$,19275.418513,X,Sources internationales sûres,
MK,Indicateurs macro,192,Saint-Marin,6110,Valeur US $,22008,Produit Intérieur Brut,2018,2018,millions,1655.354304,X,Sources internationales sûres,
MK,Indicateurs macro,192,Saint-Marin,6119,Valeur US $ par habitant,22008,Produit Intérieur Brut,2018,2018,US$,48996.723516,X,Sources internationales sûres,
MK,Indicateurs macro,191,Saint-Vincent-et-les Grenadines,6110,Valeur US $,22008,Produit Intérieur Brut,2018,2018,millions,811.3,X,Sources internationales sûres,
MK,Indicateurs macro,191,Saint-Vincent-et-les Grenadines,6119,Valeur US $ par habitant,22008,Produit Intérieur Brut,2018,2018,US$,7361.334168,X,Sources internationales sûres,
MK,Indicateurs macro,244,Samoa,6110,Valeur US $,22008,Produit Intérieur Brut,2018,2018,millions,833.548098,X,Sources internationales sûres,
MK,Indicateurs macro,244,Samoa,6119,Valeur US $ par habitant,22008,Produit Intérieur Brut,2018,2018,US$,4249.999227,X,Sources internationales sûres,
MK,Indicateurs macro,193,Sao Tomé-et-Principe,6110,Valeur US $,22008,Produit Intérieur Brut,2018,2018,millions,415.355831,X,Sources internationales sûres,
MK,Indicateurs macro,193,Sao Tomé-et-Principe,6119,Valeur US $ par habitant,22008,Produit Intérieur Brut,2018,2018,US$,1968.249856,X,Sources internationales sûres,
MK,Indicateurs macro,195,Sénégal,6110,Valeur US $,22008,Produit Intérieur Brut,2018,2018,millions,23236.009169,X,Sources internationales sûres,
MK,Indicateurs macro,195,Sénégal,6119,Valeur US $ par habitant,22008,Produit Intérieur Brut,2018,2018,US$,1465.594536,X,Sources internationales sûres,
MK,Indicateurs macro,272,Serbie,6110,Valeur US $,22008,Produit Intérieur Brut,2018,2018,millions,50640.662859,X,Sources internationales sûres,
MK,Indicateurs macro,272,Serbie,6119,Valeur US $ par habitant,22008,Produit Intérieur Brut,2018,2018,US$,7214.957742,X,Sources internationales sûres,
MK,Indicateurs macro,196,Seychelles,6110,Valeur US $,22008,Produit Intérieur Brut,2018,2018,millions,1586.052701,X,Sources internationales sûres,
MK,Indicateurs macro,196,Seychelles,6119,Valeur US $ par habitant,22008,Produit Intérieur Brut,2018,2018,US$,16334.892277,X,Sources internationales sûres,
MK,Indicateurs macro,197,Sierra Leone,6110,Valeur US $,22008,Produit Intérieur Brut,2018,2018,millions,4085.114769,X,Sources internationales sûres,
MK,Indicateurs macro,197,Sierra Leone,6119,Valeur US $ par habitant,22008,Produit Intérieur Brut,2018,2018,US$,533.99146,X,Sources internationales sûres,
MK,Indicateurs macro,200,Singapour,6110,Valeur US $,22008,Produit Intérieur Brut,2018,2018,millions,373205.552913,X,Sources internationales sûres,
MK,Indicateurs macro,200,Singapour,6119,Valeur US $ par habitant,22008,Produit Intérieur Brut,2018,2018,US$,64820.775985,X,Sources internationales sûres,
MK,Indicateurs macro,280,Sint Maarten (partie néerlandaise),6110,Valeur US $,22008,Produit Intérieur Brut,2018,2018,millions,954,X,Sources internationales sûres,
MK,Indicateurs macro,280,Sint Maarten (partie néerlandaise),6119,Valeur US $ par habitant,22008,Produit Intérieur Brut,2018,2018,US$,22746.781116,X,Sources internationales sûres,
MK,Indicateurs macro,199,Slovaquie,6110,Valeur US $,22008,Produit Intérieur Brut,2018,2018,millions,105701.930963,X,Sources internationales sûres,
MK,Indicateurs macro,199,Slovaquie,6119,Valeur US $ par habitant,22008,Produit Intérieur Brut,2018,2018,US$,19384.129761,X,Sources internationales sûres,
MK,Indicateurs macro,198,Slovénie,6110,Valeur US $,22008,Produit Intérieur Brut,2018,2018,millions,54161.636035,X,Sources internationales sûres,
MK,Indicateurs macro,198,Slovénie,6119,Valeur US $ par habitant,22008,Produit Intérieur Brut,2018,2018,US$,26066.354596,X,Sources internationales sûres,
MK,Indicateurs macro,201,Somalie,6110,Valeur US $,22008,Produit Intérieur Brut,2018,2018,millions,1553.386625,X,Sources internationales sûres,
MK,Indicateurs macro,201,Somalie,6119,Valeur US $ par habitant,22008,Produit Intérieur Brut,2018,2018,US$,103.502348,X,Sources internationales sûres,
MK,Indicateurs macro,276,Soudan,6110,Valeur US $,22008,Produit Intérieur Brut,2018,2018,millions,48363.451729,X,Sources internationales sûres,
MK,Indicateurs macro,276,Soudan,6119,Valeur US $ par habitant,22008,Produit Intérieur Brut,2018,2018,US$,1156.977945,X,Sources internationales sûres,
MK,Indicateurs macro,277,Soudan du Sud,6110,Valeur US $,22008,Produit Intérieur Brut,2018,2018,millions,4692.954656,X,Sources internationales sûres,
MK,Indicateurs macro,277,Soudan du Sud,6119,Valeur US $ par habitant,22008,Produit Intérieur Brut,2018,2018,US$,427.567955,X,Sources internationales sûres,
MK,Indicateurs macro,38,Sri Lanka,6110,Valeur US $,22008,Produit Intérieur Brut,2018,2018,millions,88425.910143,X,Sources internationales sûres,
MK,Indicateurs macro,38,Sri Lanka,6119,Valeur US $ par habitant,22008,Produit Intérieur Brut,2018,2018,US$,4165.382135,X,Sources internationales sûres,
MK,Indicateurs macro,210,Suède,6110,Valeur US $,22008,Produit Intérieur Brut,2018,2018,millions,555455.371487,X,Sources internationales sûres,
MK,Indicateurs macro,210,Suède,6119,Valeur US $ par habitant,22008,Produit Intérieur Brut,2018,2018,US$,55703.523482,X,Sources internationales sûres,
MK,Indicateurs macro,211,Suisse,6110,Valeur US $,22008,Produit Intérieur Brut,2018,2018,millions,735889.205256,X,Sources internationales sûres,
MK,Indicateurs macro,211,Suisse,6119,Valeur US $ par habitant,22008,Produit Intérieur Brut,2018,2018,US$,86315.12806,X,Sources internationales sûres,
MK,Indicateurs macro,207,Suriname,6110,Valeur US $,22008,Produit Intérieur Brut,2018,2018,millions,3464.593528,X,Sources internationales sûres,
MK,Indicateurs macro,207,Suriname,6119,Valeur US $ par habitant,22008,Produit Intérieur Brut,2018,2018,US$,6015.023747,X,Sources internationales sûres,
MK,Indicateurs macro,208,Tadjikistan,6110,Valeur US $,22008,Produit Intérieur Brut,2018,2018,millions,7765.000282,X,Sources internationales sûres,
MK,Indicateurs macro,208,Tadjikistan,6119,Valeur US $ par habitant,22008,Produit Intérieur Brut,2018,2018,US$,853.218444,X,Sources internationales sûres,
MK,Indicateurs macro,39,Tchad,6110,Valeur US $,22008,Produit Intérieur Brut,2018,2018,millions,11371.980167,X,Sources internationales sûres,
MK,Indicateurs macro,39,Tchad,6119,Valeur US $ par habitant,22008,Produit Intérieur Brut,2018,2018,US$,734.731831,X,Sources internationales sûres,
MK,Indicateurs macro,167,Tchéquie,6110,Valeur US $,22008,Produit Intérieur Brut,2018,2018,millions,248908.731818,X,Sources internationales sûres,
MK,Indicateurs macro,167,Tchéquie,6119,Valeur US $ par habitant,22008,Produit Intérieur Brut,2018,2018,US$,23337.358877,X,Sources internationales sûres,
MK,Indicateurs macro,216,Thaïlande,6110,Valeur US $,22008,Produit Intérieur Brut,2018,2018,millions,504992.355352,X,Sources internationales sûres,
MK,Indicateurs macro,216,Thaïlande,6119,Valeur US $ par habitant,22008,Produit Intérieur Brut,2018,2018,US$,7273.56485,X,Sources internationales sûres,
MK,Indicateurs macro,176,Timor-Leste,6110,Valeur US $,22008,Produit Intérieur Brut,2018,2018,millions,1559.894947,X,Sources internationales sûres,
MK,Indicateurs macro,176,Timor-Leste,6119,Valeur US $ par habitant,22008,Produit Intérieur Brut,2018,2018,US$,1230.226288,X,Sources internationales sûres,
MK,Indicateurs macro,217,Togo,6110,Valeur US $,22008,Produit Intérieur Brut,2018,2018,millions,7132.574583,X,Sources internationales sûres,
MK,Indicateurs macro,217,Togo,6119,Valeur US $ par habitant,22008,Produit Intérieur Brut,2018,2018,US$,904.10578,X,Sources internationales sûres,
MK,Indicateurs macro,219,Tonga,6110,Valeur US $,22008,Produit Intérieur Brut,2018,2018,millions,479.850055,X,Sources internationales sûres,
MK,Indicateurs macro,219,Tonga,6119,Valeur US $ par habitant,22008,Produit Intérieur Brut,2018,2018,US$,4649.845002,X,Sources internationales sûres,
MK,Indicateurs macro,220,Trinité-et-Tobago,6110,Valeur US $,22008,Produit Intérieur Brut,2018,2018,millions,23680.220591,X,Sources internationales sûres,
MK,Indicateurs macro,220,Trinité-et-Tobago,6119,Valeur US $ par habitant,22008,Produit Intérieur Brut,2018,2018,US$,17038.054363,X,Sources internationales sûres,
MK,Indicateurs macro,222,Tunisie,6110,Valeur US $,22008,Produit Intérieur Brut,2018,2018,millions,39770.979523,X,Sources internationales sûres,
MK,Indicateurs macro,222,Tunisie,6119,Valeur US $ par habitant,22008,Produit Intérieur Brut,2018,2018,US$,3438.848968,X,Sources internationales sûres,
MK,Indicateurs macro,213,Turkménistan,6110,Valeur US $,22008,Produit Intérieur Brut,2018,2018,millions,40749.261428,X,Sources internationales sûres,
MK,Indicateurs macro,213,Turkménistan,6119,Valeur US $ par habitant,22008,Produit Intérieur Brut,2018,2018,US$,6964.613045,X,Sources internationales sûres,
MK,Indicateurs macro,223,Turquie,6110,Valeur US $,22008,Produit Intérieur Brut,2018,2018,millions,778381.836192,X,Sources internationales sûres,
MK,Indicateurs macro,223,Turquie,6119,Valeur US $ par habitant,22008,Produit Intérieur Brut,2018,2018,US$,9453.254849,X,Sources internationales sûres,
MK,Indicateurs macro,227,Tuvalu,6110,Valeur US $,22008,Produit Intérieur Brut,2018,2018,millions,46.039144,X,Sources internationales sûres,
MK,Indicateurs macro,227,Tuvalu,6119,Valeur US $ par habitant,22008,Produit Intérieur Brut,2018,2018,US$,4000.620815,X,Sources internationales sûres,
MK,Indicateurs macro,230,Ukraine,6110,Valeur US $,22008,Produit Intérieur Brut,2018,2018,millions,130901.895317,X,Sources internationales sûres,
MK,Indicateurs macro,230,Ukraine,6119,Valeur US $ par habitant,22008,Produit Intérieur Brut,2018,2018,US$,2958.491927,X,Sources internationales sûres,
MK,Indicateurs macro,234,Uruguay,6110,Valeur US $,22008,Produit Intérieur Brut,2018,2018,millions,59596.965844,X,Sources internationales sûres,
MK,Indicateurs macro,234,Uruguay,6119,Valeur US $ par habitant,22008,Produit Intérieur Brut,2018,2018,US$,17278.063669,X,Sources internationales sûres,
MK,Indicateurs macro,155,Vanuatu,6110,Valeur US $,22008,Produit Intérieur Brut,2018,2018,millions,914.700231,X,Sources internationales sûres,
MK,Indicateurs macro,155,Vanuatu,6119,Valeur US $ par habitant,22008,Produit Intérieur Brut,2018,2018,US$,3125.257043,X,Sources internationales sûres,
MK,Indicateurs macro,236,Venezuela (République bolivarienne du),6110,Valeur US $,22008,Produit Intérieur Brut,2018,2018,millions,203989.675783,X,Sources internationales sûres,
MK,Indicateurs macro,236,Venezuela (République bolivarienne du),6119,Valeur US $ par habitant,22008,Produit Intérieur Brut,2018,2018,US$,7061.613962,X,Sources internationales sûres,
MK,Indicateurs macro,237,Viet Nam,6110,Valeur US $,22008,Produit Intérieur Brut,2018,2018,millions,245213.680636,X,Sources internationales sûres,
MK,Indicateurs macro,237,Viet Nam,6119,Valeur US $ par habitant,22008,Produit Intérieur Brut,2018,2018,US$,2566.447346,X,Sources internationales sûres,
MK,Indicateurs macro,249,Yémen,6110,Valeur US $,22008,Produit Intérieur Brut,2018,2018,millions,22902.919954,X,Sources internationales sûres,
MK,Indicateurs macro,249,Yémen,6119,Valeur US $ par habitant,22008,Produit Intérieur Brut,2018,2018,US$,803.648363,X,Sources internationales sûres,
MK,Indicateurs macro,251,Zambie,6110,Valeur US $,22008,Produit Intérieur Brut,2018,2018,millions,27005.127288,X,Sources internationales sûres,
MK,Indicateurs macro,251,Zambie,6119,Valeur US $ par habitant,22008,Produit Intérieur Brut,2018,2018,US$,1556.338275,X,Sources internationales sûres,
MK,Indicateurs macro,181,Zimbabwe,6110,Valeur US $,22008,Produit Intérieur Brut,2018,2018,millions,24311.560545,X,Sources internationales sûres,
MK,Indicateurs macro,181,Zimbabwe,6119,Valeur US $ par habitant,22008,Produit Intérieur Brut,2018,2018,US$,1683.765768,X,Sources internationales sûres,
